,iShares S&P 500 Inf Tech Sector UCITS ETF USD AccI,Invesco STOXX Europe 600 UCITS ETF AccH,iShares Core S&P 500 UCITS ETF USD (Acc)H,Vanguard FTSE All-World UCITS ETF USD AccI,iShares MSCI Poland UCITS ETF USD (Acc),Xtrackers Spain UCITS ETF 1C,iShares MSCI India UCITS ETF USD Acc (EUR),iShares Core MSCI Japan IMI UCITS ETF USD Acc,iShares Healthcare Innovation UCITS ETF USD A,iShares FTSE MIB UCITS ETF EUR (Acc),iShares Core MSCI Europe UCITS ETF EUR (Acc),Amundi Euro Stoxx Banks UCITS ETF Acc,HSBC MSCI CHINA,ISHARES EMIM,SPDR Russell 2000 US Small Cap UCITS ETF,Invesco Physical Gold ETC,Xtrackers S&P 500 Equal Weight UCITS ETF,Vanguard Global Aggregate Bond ETF EUR Hgd Acc,iShares Bitcoin ETP,iShares Core EURO STOXX 50 UCITS ETF EUR (Acc),HSBC Hang Seng Tech UCITS ETF HKD,iMGP DBi Managed Futures R EUR ETF
Date,QDVEDE,SC0CDE,SXR8DE,VWCEDE,IBCJDE,XESPDE,QDV5DE,EUNNDE,HEALAS,CSMIBMI,IMAEAS,LYBKDE,H4ZPDE,IS3NDE,ZPRRDE,SGLDMI,XDEWDE,VAGFDE,IB1TDE,SXRTDE,H4ZXDE,DBMFEPA
1/4/2021,13.12,88.22,304.35,81.01,14.33,21.53,5.17,41.12,,87.17,72.02,69.5,8.1,29.42,43.91,153.34,52.93,26.52,,117.58,9.62,
1/5/2021,13.12,88.22,305.07,81.31,14.41,21.59,5.22,41.17,,86.59,72.02,69.54,8.27,29.74,44.53,153.62,53.22,26.49,,117.34,9.7,
1/6/2021,13.14,89.47,309.77,82.35,14.7,22.17,5.22,41.62,,88.81,72.02,73.45,8.29,29.83,46.38,150.38,54.73,26.37,,119.82,9.7,
1/7/2021,13.28,89.79,312.8,82.92,14.88,22.25,5.21,41.7,,89.02,72.02,74.74,8.17,29.86,47.17,151.08,55.19,26.37,,119.78,9.54,
1/8/2021,13.36,90.4,314.01,83.67,15.01,22.31,5.32,42.43,,88.65,72.02,73.87,8.45,30.67,47.33,147.03,55.36,26.36,,119.94,9.91,
1/11/2021,13.45,89.7,316.31,83.93,14.91,22.17,5.35,42.49,,88.57,72.02,73.35,8.43,30.67,47.49,147.19,55.75,26.3,,119.72,9.88,
1/12/2021,13.34,89.77,315.75,83.97,14.7,22.17,5.42,42.49,,88.49,72.02,74.1,8.51,30.89,48.4,146.95,56.16,26.27,,119.16,10.01,
1/13/2021,13.44,89.89,316.2,84.14,14.54,22.24,5.39,42.76,,88.83,72.02,73.47,8.49,30.84,48.25,148.09,55.96,26.31,,119.68,9.93,
1/14/2021,13.44,90.57,317.25,84.68,14.55,22.34,5.42,43.23,,88.57,72.02,73.46,8.68,31.42,49.13,147.31,56.37,26.36,,120.44,10.22,
1/15/2021,13.33,89.69,315.2,84.01,14.29,22.03,5.36,42.68,,87.34,72.02,72.21,8.65,31.08,48.53,146.4,55.98,26.34,,118.86,10.08,
1/18/2021,13.26,89.8,315.55,84.16,14.51,22.02,5.3,42.79,,88.09,72.02,72.85,8.85,31.15,48.97,147.45,56.19,26.37,,119.26,10.55,
1/19/2021,13.26,89.69,315.2,84.18,14.19,21.9,5.33,42.66,,87.83,72.02,71.67,8.92,31.35,48.85,147.29,56.13,26.37,,119.36,10.8,
1/20/2021,13.65,90.35,320.2,85.3,14.2,21.9,5.43,42.9,,88.56,72.02,72,9.17,31.83,49.38,149.3,56.44,26.36,,119.94,11.32,
1/21/2021,13.72,90.29,320.25,85.28,13.97,21.63,5.41,42.63,,87.96,72.02,71.48,9.15,31.85,48.85,148.73,56.19,26.3,,119.94,11.26,
1/22/2021,13.71,89.82,318.36,84.62,13.98,21.44,5.35,42.53,,86.36,72.02,70.04,9.11,31.45,48.62,147.48,55.69,26.29,,119.4,11.2,
1/25/2021,13.76,89,318.31,84.65,13.89,21.01,5.23,42.63,,85.02,72.02,67.43,9.36,31.7,49.03,147.86,55.53,26.34,,117.74,11.56,
1/26/2021,13.85,89.61,319.94,84.89,14.16,21.14,5.24,42.88,,86.19,72.02,68.78,9.21,31.48,49.1,147.7,55.57,26.34,,118.86,11.51,
1/27/2021,13.75,88.59,316.07,83.9,13.81,20.82,5.18,42.59,,84.79,72.02,66.79,9.08,31.08,48.76,147.94,54.98,26.36,,116.26,11.18,
1/28/2021,13.78,88.73,317.6,83.93,14.21,21.08,5.22,42.4,,85.68,72.02,68.19,8.95,30.97,48.2,148.12,55.16,26.34,,117.9,10.87,
1/29/2021,13.42,86.91,310.56,82.23,13.92,20.58,5.05,41.68,,84.53,72.02,66.5,8.85,30.35,47.87,148.18,54.24,26.31,,116.32,10.78,
2/1/2021,13.69,88.11,314.3,83.39,14.2,20.68,5.25,42.04,,85.46,72.02,67.03,9.05,31.01,47.99,149.35,54.51,26.32,,116.84,11.24,
2/2/2021,13.95,89.33,322.17,85.22,14.2,21.22,5.42,42.6,,86.24,72.02,69.38,9.23,31.77,49.54,147.94,56.06,26.27,,118.9,11.53,
2/3/2021,13.97,89.5,321.74,85.34,14.1,21.37,5.48,42.97,,88.14,72.02,70.07,9.36,31.95,49.27,147.87,55.76,26.25,,119.28,11.7,
2/4/2021,14.1,90.08,325.22,86.04,13.9,21.73,5.51,43.17,,89.69,72.02,72,9.35,31.93,50.85,144.69,56.73,26.23,,120.4,11.44,
2/5/2021,14.12,90.07,326.45,86.36,14.17,21.94,5.51,43.38,,90.47,72.02,73.28,9.36,32.13,51.38,145.69,57.04,26.23,,120.92,11.35,
2/8/2021,14.18,90.27,327.02,86.63,14.09,21.96,5.58,44.05,,91.94,72.02,74.21,9.38,32.19,52.27,147.6,57.24,26.19,,121.8,11.26,
2/9/2021,14.21,90.27,326.69,86.64,14.06,21.68,5.55,44.03,,91.33,72.02,74.01,9.52,32.31,52.49,147.2,57.14,26.22,,121.38,11.53,
2/10/2021,14.08,90.03,325.23,86.43,13.83,21.57,5.53,43.86,,91.07,72.02,74.68,9.59,32.44,52.39,146.85,57.2,26.21,,120.72,11.62,
2/11/2021,14.27,90.47,326.38,86.91,14.11,21.47,5.61,44.08,,91.33,72.02,74.39,9.77,32.92,52.54,146.66,57.33,26.23,,121.06,12.03,
2/12/2021,14.31,91.04,327.02,87.16,13.95,21.55,5.61,44.32,,91.76,72.02,75.3,9.76,32.9,52.36,146.02,57.51,26.18,,121.68,12.01,
2/15/2021,14.41,92.26,329.58,87.91,14.25,21.96,5.64,44.63,,92.5,72.02,77.45,9.82,33.19,52.77,145.25,57.96,26.11,,123.78,12.1,
2/16/2021,14.36,92.18,328.68,87.68,14.41,21.84,5.6,44.69,,91.87,72.02,77.44,9.79,33.04,52.26,144.26,57.84,26.05,,123.42,12.23,
2/17/2021,14.14,91.38,327.95,87.36,14.26,21.74,5.63,44.56,,90.86,72.02,77.21,9.82,33.02,51.35,142.83,57.7,26.03,,122.76,12.49,
2/18/2021,14.05,90.77,326.3,86.76,14.26,21.5,5.59,43.9,,89.8,72.02,76.19,9.55,32.45,50.97,142.49,57.41,26.01,,121.66,12.03,
2/19/2021,14.16,91.24,327.26,87.2,14.34,21.76,5.58,44.09,,90.67,72.02,78.33,9.68,32.85,51.92,142.53,57.85,25.98,,122.78,12.17,
2/22/2021,13.82,90.83,323.53,86.14,14.16,21.77,5.45,44.08,,90.2,72.02,78.35,9.32,31.97,51.73,144.3,57.86,25.94,,122.68,11.37,
2/23/2021,13.58,90.47,320.97,85.52,13.86,22.14,5.46,43.86,,89.8,72.02,79.36,9.14,31.72,50.47,143.76,57.55,25.89,,121.78,11.14,
2/24/2021,13.74,90.88,325.14,86.14,13.93,22.31,5.54,43.52,,90.54,72.02,80.21,9.01,31.58,52.04,143.54,58.62,25.86,,122.78,10.67,
2/25/2021,13.6,90.49,321.61,85.33,13.87,22.28,5.52,43.06,,90.44,72.02,81,8.95,31.38,51.14,140.91,57.98,25.69,,122.32,10.64,
2/26/2021,13.68,89.24,321.12,84.62,13.64,22,5.3,42.52,,89.25,72.02,79.55,8.83,30.84,50.72,137.9,57.66,25.74,,121.5,10.39,
3/1/2021,13.97,90.79,326.97,86.35,13.92,22.5,5.48,43.3,,91.04,72.02,80.28,9.06,31.74,52.19,139.45,58.92,25.85,,122.78,10.74,
3/2/2021,13.84,90.88,324.75,85.8,13.91,22.42,5.52,42.83,,90.48,72.02,80.47,8.93,31.24,51.54,138.61,58.41,25.86,,122.98,10.63,
3/3/2021,13.69,91.01,323.69,85.75,13.85,22.39,5.63,42.85,,90.32,72.02,82.33,8.95,31.47,51.81,138.13,58.64,25.78,,122.72,10.56,
3/4/2021,13.45,90.79,321.52,85.17,13.84,22.47,5.67,42.7,,90.46,72.02,81.89,8.74,31.29,50.48,138.05,58.16,25.81,,122.4,10.12,
3/5/2021,13.21,90.07,318.12,84.3,13.63,22.17,5.59,42.58,,89.86,72.02,82.47,8.56,30.85,48.99,137.92,57.71,25.75,,122.26,9.85,
3/8/2021,13.56,91.88,329.77,86.53,13.81,22.61,5.65,43.02,,92.97,72.02,85.07,8.45,30.75,51.95,137.19,60.49,25.69,,123.74,9.52,
3/9/2021,13.7,92.64,331.01,87,14.12,22.74,5.7,43.15,,93.39,72.02,84,8.64,31.09,52.64,139.74,60.39,25.72,,125.74,9.78,
3/10/2021,13.74,92.97,331.73,87.13,14.15,22.76,5.7,43.2,,93.73,72.02,83.67,8.53,30.92,53.43,139.79,60.53,25.73,,126.58,9.57,
3/11/2021,13.92,93.51,334.36,87.88,14.12,22.95,5.77,43.08,,94.62,72.02,82.71,8.81,31.69,54.08,139.55,61,25.77,,127.26,10.08,
3/12/2021,13.7,93.28,332.36,87.4,14.17,23.1,5.65,43.37,,94.55,72.02,83.97,8.57,31.19,54.41,138.85,60.94,25.68,,127.16,9.63,
3/15/2021,13.83,93.29,334.2,87.8,14.17,23.08,5.62,43.69,,94.7,72.02,82.88,8.58,31.26,54.7,140.33,61.35,25.73,,126.62,9.69,
3/16/2021,14.15,94.15,337.52,88.66,13.97,23.2,5.68,44.28,,95.1,72.02,82.94,8.71,31.65,54.38,140.75,61.5,25.72,,127.64,10.06,
3/17/2021,13.93,93.63,335.35,88.05,13.66,23.07,5.56,44.18,,95.17,72.02,83.95,8.6,31.25,53.68,140.62,61.29,25.64,,128.04,9.87,
3/18/2021,13.85,94.08,335.93,88.3,13.77,23.13,5.46,44.83,,95.54,72.02,85.82,8.67,31.33,54.31,140.74,61.76,25.58,,128.02,9.98,
3/19/2021,13.72,93.37,333.4,87.81,13.66,22.82,5.57,44.78,,94.88,72.02,83.45,8.66,31.35,53.53,141.54,61.25,25.59,,127.36,9.97,
3/22/2021,13.93,93.56,334.36,87.93,13.69,22.39,5.6,44.62,,95.09,72.02,82.26,8.65,31.27,52.6,141.15,60.79,25.64,,127.26,9.97,
3/23/2021,13.97,93.4,336.18,88.01,13.53,22.4,5.63,44.37,,94.66,72.02,82.01,8.56,31.08,52.05,140.97,60.93,25.7,,127.18,9.71,
3/24/2021,13.89,93.42,336.46,87.79,13.37,22.57,5.56,44,,94.88,72.02,82.76,8.28,30.6,51.62,142.09,61.23,25.73,,126.86,9.28,
3/25/2021,13.75,93.52,334.52,87.58,13.18,22.51,5.49,44.33,,94.88,72.02,82.2,8.27,30.58,51.01,142.39,61.09,25.73,,126.96,9.33,
3/26/2021,13.96,94.31,338.06,88.32,13.46,22.8,5.54,44.69,,95.6,72.02,83.07,8.27,30.78,52.2,142.33,61.98,25.68,,128.4,9.47,
3/29/2021,14.05,94.46,340.21,88.69,13.58,22.76,5.59,44.6,,95.83,72.02,81.96,8.35,31.01,51.37,140.82,62.23,25.7,,129.26,9.45,
3/30/2021,14.03,95.15,341.95,89.19,13.56,23,5.62,44.56,,96.78,72.02,84.36,8.47,31.33,51.9,139.05,62.61,25.63,,130.1,9.67,
3/31/2021,14.24,95.02,343.51,89.48,13.64,22.95,5.62,44.21,,96.69,72.02,83.28,8.48,31.42,52.41,140.62,62.66,25.66,,130.12,9.82,
4/1/2021,14.43,95.59,344.69,90,13.82,23.04,5.66,44.22,,96.87,72.02,83.5,8.63,31.76,53.01,142.21,62.73,25.73,,131.14,10.12,
4/2/2021,14.68,96.22,348.84,90.6,14.19,23.21,5.57,43.91,,97.17,72.02,83.76,8.65,31.78,53.33,142.67,63.35,25.73,,131.14,10.12,
4/5/2021,14.68,96.22,348.84,90.6,14.19,23.21,5.57,43.91,,97.17,72.02,83.76,8.65,31.78,53.33,142.67,63.35,25.73,,131.14,10.12,
4/6/2021,14.68,96.22,348.84,90.6,14.19,23.21,5.57,43.91,,97.17,72.02,83.76,8.65,31.78,53.33,142.67,63.35,25.73,,131.9,10.09,
4/7/2021,14.6,95.97,347.01,89.97,14.13,23.08,5.51,43.9,,96.84,72.02,83.92,8.38,31.25,52.1,141.72,62.81,25.74,,131.6,9.69,
4/8/2021,14.77,96.6,348.17,90.44,14.13,23.22,5.56,43.91,,96.43,72.02,83.27,8.47,31.48,52,142.77,62.76,25.77,,131.94,9.84,
4/9/2021,14.86,96.68,349.58,90.58,14.09,23.06,5.53,44.18,,95.79,72.02,82.66,8.33,31.16,52.29,142.06,63.04,25.74,,132.34,9.63,
4/12/2021,14.86,96.22,350.31,90.42,14.12,22.95,5.3,43.96,,95.89,72.02,82.82,8.3,30.93,52.03,141,63.18,25.72,,131.98,9.45,
4/13/2021,14.9,96.35,350.76,90.61,14.01,22.9,5.33,43.94,,96.43,72.02,82.55,8.34,31.06,51.66,141.53,63.03,25.72,,131.92,9.47,
4/14/2021,14.86,96.56,350.52,90.77,14.3,23.08,5.41,44.06,,96.31,72.02,83.21,8.34,31.21,52.7,140.32,63.34,25.71,,132.1,9.45,
4/15/2021,15.02,97.03,352.33,91.23,14.37,23.09,5.39,44.18,,96.22,72.02,82.11,8.32,31.3,52.32,143.04,63.45,25.8,,132.58,9.48,
4/16/2021,14.99,97.92,353.19,91.46,14.32,23.24,5.41,44.07,,96.98,72.02,83.37,8.36,31.43,52.41,143.69,63.64,25.76,,134.08,9.53,
4/19/2021,14.83,97.82,350.68,90.86,14.21,23.42,5.25,43.68,,96.85,72.02,84.37,8.3,31.17,51.41,142.77,63.18,25.74,,133.4,9.47,
4/20/2021,14.65,96.05,346.87,89.65,14.11,22.69,5.13,42.53,,94.34,72.02,81.02,8.23,30.91,50.19,142.76,62.54,25.76,,131.86,9.4,
4/21/2021,14.8,96.72,349.74,90.31,14.13,22.84,5.14,42.76,,94.83,72.02,80.51,8.27,31.01,51.02,144.35,63.12,25.75,,132.48,9.47,
4/22/2021,14.88,97.41,352.09,91.02,14.15,23.2,5.21,43.32,,95.62,72.02,80.96,8.4,31.22,52.31,143.53,63.75,25.76,,133.38,9.61,
4/23/2021,14.83,97.27,350.65,90.75,14.14,23.09,5.23,43.26,,95.63,72.02,80.9,8.46,31.35,52.19,142.62,63.53,25.76,,132.68,9.74,
4/26/2021,14.91,97.56,351.44,90.95,14.27,23.36,5.28,43.1,,96.17,72.02,82.98,8.33,31.37,52.89,142.57,63.76,25.77,,133.54,9.66,
4/27/2021,14.87,97.52,350.91,90.86,14.24,23.47,5.35,42.63,,95.87,72.02,84.23,8.41,31.44,53.04,142.58,63.69,25.75,,133.44,9.75,
4/28/2021,14.73,97.5,350.95,90.89,14.4,23.54,5.41,42.52,,95.93,72.02,86.04,8.44,31.53,52.83,142.05,63.72,25.7,,133.52,9.81,
4/29/2021,14.62,97.32,350.58,90.67,14.63,23.61,5.4,42.34,,95.12,72.02,86.89,8.35,31.33,52.59,141.3,63.71,25.65,,132.98,9.62,
4/30/2021,14.64,97.01,352.3,90.79,14.51,23.56,5.38,42.45,,94.68,72.02,87.04,8.32,31.21,52.59,142.29,63.85,25.65,,132.08,9.56,
5/3/2021,14.52,97.76,352.69,90.92,14.63,23.79,5.42,42.67,,95.82,72.02,87.25,8.3,31.13,52.48,143.81,64.16,25.71,,133.34,9.49,
5/4/2021,14.21,96.22,349.46,89.9,14.23,23.57,5.35,42.31,,93.93,72.02,86.27,8.17,30.68,51.67,143.77,63.91,25.75,,130.94,9.36,
5/5/2021,14.41,98.08,353.06,91.07,14.58,23.88,5.47,43.05,,95.89,72.02,88.64,8.26,31.06,52.23,143.81,64.5,25.75,,132.76,9.38,
5/6/2021,14.27,98.03,350.95,90.63,14.51,23.92,5.52,42.87,,96.05,72.02,89.04,8.18,31.1,51.19,145.99,64.22,25.77,,133.82,9.32,
5/7/2021,14.44,98.93,353.24,91.28,14.95,24.17,5.55,42.99,,96.44,72.02,89.21,8.16,31.35,51.86,146.1,64.54,25.76,,134.46,9.18,
5/10/2021,14.15,99.03,352.55,91.01,15.04,24.38,5.51,43.21,,97.3,72.02,91.22,7.88,30.85,51.55,146.48,65.15,25.72,,134.72,8.78,
5/11/2021,13.91,97.15,345.55,89.34,15.1,23.91,5.5,42.05,,95.62,72.02,90.26,7.88,30.47,50.21,145.74,63.59,25.66,,132.22,8.75,
5/12/2021,13.73,97.4,343.8,88.87,14.89,23.98,5.45,41.41,,96.09,72.02,91.43,7.89,30.09,50.06,146.04,63.48,25.58,,131.8,8.82,
5/13/2021,13.86,97.4,345.12,88.98,14.96,23.94,5.47,41.13,,95.95,72.02,90.78,7.8,29.97,49.65,146.24,63.46,25.58,,132.6,8.72,
5/14/2021,14.02,98.54,347.88,89.8,14.99,24.38,5.49,41.67,,97.15,72.02,92.56,7.86,30.2,50.55,146.69,64.11,25.6,,134.94,8.7,
5/17/2021,13.89,98.41,346.32,89.45,15.22,24.31,5.56,41.29,,97.52,72.02,92.58,7.94,30.13,50.66,148.68,63.94,25.63,,134.4,8.77,
5/18/2021,13.91,98.61,345.55,89.63,15.3,24.42,5.59,41.75,,97.72,72.02,93.07,8.01,30.51,50.92,148.19,63.76,25.59,,135,8.89,
5/19/2021,13.68,97.16,338.86,88.12,15.23,24.04,5.55,41.31,,96.01,72.02,91.48,7.96,30.28,49.41,149.24,62.37,25.6,,131.6,8.88,
5/20/2021,14.08,98.48,345.29,89.61,15.48,24.27,5.57,41.9,,96.71,72.02,91.78,8.06,30.54,50.13,148.95,63.32,25.62,,134,9.06,
5/21/2021,14.09,99,347.1,89.96,15.43,24.5,5.6,42.04,,97.86,72.02,92.67,7.96,30.37,50.68,148.95,63.8,25.63,,134.86,9.05,
5/24/2021,14.22,99.23,347.19,90.14,15.61,24.5,5.62,41.93,,98.45,72.02,93.21,8.1,30.68,50.39,149.32,63.53,25.63,,134.86,9.05,
5/25/2021,14.22,99.23,347.19,90.14,15.61,24.5,5.62,41.93,,98.66,72.02,93.21,8.1,30.68,50.39,149.73,63.53,25.7,,135.9,9.04,
5/26/2021,14.25,99.25,348.52,90.47,15.65,24.5,5.69,42.16,,98.06,72.02,92.24,8.16,30.93,50.89,150.93,63.67,25.78,,135.5,9.17,
5/27/2021,14.3,99.57,349.89,90.79,15.9,24.77,5.74,42.17,,99.06,72.02,94.18,8.19,31.09,51.7,150.26,64.14,25.7,,135.74,9.24,
5/28/2021,14.31,100.1,350.5,91.17,16.23,24.89,5.76,42.53,,99.63,72.02,94.5,8.19,31.31,51.77,150.37,64.26,25.73,,136.8,9.09,
5/31/2021,14.2,99.64,348.16,90.68,16.23,24.7,5.78,42.17,,99.67,72.02,93.92,8.24,31.43,51.42,150.86,63.92,25.72,,135.74,9.15,
6/1/2021,14.17,100.4,349.06,91.02,16.3,24.9,5.77,42.15,,100.26,72.02,95.45,8.35,31.76,51.92,150.1,64.25,25.7,,137.42,9.36,
6/2/2021,14.31,100.72,350.18,91.37,16.46,24.93,5.84,42.56,,100.32,72.02,95.65,8.35,31.91,52.12,150.92,64.51,25.73,,137.28,9.37,
6/3/2021,14.25,100.58,351.2,91.5,16.4,24.81,5.87,42.74,,100.8,72.02,96.27,8.27,31.86,52.11,149.14,64.86,25.71,,137.22,9.31,
6/4/2021,14.42,100.92,351.91,91.78,16.39,24.69,5.9,43.1,,101.12,72.02,95.13,8.29,31.93,52.16,150.69,64.67,25.75,,137.56,9.3,
6/7/2021,14.38,101.16,350.89,91.59,16.38,24.87,5.9,42.99,,102.16,72.02,95.95,8.16,31.69,52.67,150.32,64.52,25.75,,137.78,9.13,
6/8/2021,14.43,101.3,351.16,91.65,16.3,24.83,5.9,43.08,,102.22,72.02,94.74,8.15,31.64,53.02,150.48,64.53,25.79,,137.84,9.04,
6/9/2021,14.47,101.4,352.26,91.77,16.1,24.86,5.86,42.88,,101.9,72.02,94,8.16,31.61,53.35,150.23,64.69,25.81,,137.72,9.08,
6/10/2021,14.53,101.48,353.31,92.09,16.3,24.84,5.91,43.02,,101.6,72.02,94.31,8.21,31.84,52.83,150.54,64.67,25.84,,137.9,9.13,
6/11/2021,14.71,102.1,355.54,92.63,16.13,25.05,5.93,43.22,,101.86,72.02,94.1,8.21,31.91,53.34,150.16,65.05,25.88,,138.84,9.12,
6/14/2021,14.74,102.24,354.74,92.57,16.2,25.24,5.94,43.09,,102.02,72.02,94.51,8.23,32,53.39,148.78,64.74,25.84,,139.04,9.16,
6/15/2021,14.78,102.36,354.96,92.53,16,25.08,5.91,43.25,,101.94,72.02,94.35,8.13,31.73,52.89,148.51,64.67,25.87,,139.26,9.06,
6/16/2021,14.78,102.62,355.65,92.76,16.06,25.07,5.91,43.42,,101.96,72.02,93.01,8.08,31.79,53.23,148.34,64.89,25.84,,139.38,9.05,
6/17/2021,15.14,102.54,359.91,93.6,15.81,25.03,5.92,43.84,,101.84,72.02,93.29,8.28,32.1,53.51,143.87,65.01,25.82,,139.8,9.27,
6/18/2021,15.06,100.92,357.68,92.84,15.85,24.6,5.89,43.15,,99.94,72.02,90.19,8.3,31.98,52.88,145.04,64.51,25.83,,137.56,9.32,
6/21/2021,15.09,101.64,359.32,93.15,15.96,24.66,5.93,43.2,,100.64,72.02,90.55,8.22,31.85,53.21,145.03,64.96,25.85,,137.6,9.25,
6/22/2021,15.22,101.88,361.47,93.55,16.03,24.72,5.93,43.43,,100.62,72.02,90.5,8.19,31.75,53.33,144.54,65.23,25.84,,138.3,9.13,
6/23/2021,15.21,101.1,360.79,93.35,16,24.45,5.9,43.01,,99.71,72.02,90.09,8.28,31.99,53.61,144.8,65.02,25.84,,137.14,9.33,
6/24/2021,15.35,102.08,363,93.99,16.38,24.77,5.92,43.3,,100.78,72.02,91.3,8.36,32.28,54.14,144.32,65.25,25.82,,138.64,9.36,
6/25/2021,15.32,102.24,363.68,94.22,16.47,24.86,5.93,43.51,,101.2,72.02,92.15,8.48,32.47,54.63,144.3,65.68,25.83,,138.42,9.55,
6/28/2021,15.46,101.64,364,94.17,16.57,24.39,5.93,43.41,,100.08,72.02,89.88,8.55,32.52,54.07,144.36,65.45,25.82,,137.58,9.66,
6/29/2021,15.57,101.92,366.19,94.56,16.3,24.43,5.91,43.65,,100.5,72.02,90.62,8.5,32.47,54.31,143.15,65.93,25.83,,138.06,9.56,
6/30/2021,15.67,101.18,368,94.65,15.93,24.2,5.91,43.27,,99.61,72.02,89.68,8.53,32.56,54.29,144.06,66.04,25.88,,136.64,9.52,
7/1/2021,15.62,101.78,369.08,94.78,16.17,24.46,5.89,43.21,,100.18,72.02,91.24,8.42,32.35,54.58,144.52,66.46,25.89,,137.06,9.48,
7/2/2021,15.82,102.04,371.6,95.22,16.18,24.43,5.92,43.45,,100.22,72.02,89.72,8.32,32.34,54.27,145.75,66.65,25.92,,137.28,9.27,
7/5/2021,15.88,102.38,372.69,95.39,16.32,24.56,5.95,43.58,,100.92,72.02,91.35,8.17,32.2,54.26,146.18,66.73,25.91,,137.36,8.98,
7/6/2021,15.99,101.86,371.65,95.1,16.07,24.32,5.9,43.42,,99.92,72.02,88.66,8.14,32.04,53.3,147.6,66.05,25.99,,135.8,8.87,
7/7/2021,16.04,102.64,374.44,95.65,16.44,24.3,5.94,43.69,,100.22,72.02,87.93,8.12,32.01,53.28,147.8,66.6,26.04,,136.82,8.85,
7/8/2021,15.84,100.96,369.86,94.18,16.06,23.78,5.89,42.86,,97.58,72.02,85.52,7.82,31.26,52.49,146.88,65.84,26.07,,134.34,8.52,
7/9/2021,16.01,102.22,373.67,95.29,16.1,24.17,5.93,43.75,,99.38,72.02,88.16,7.99,31.66,53.25,147.71,66.45,26.05,,136.78,8.79,
7/12/2021,16.01,102.92,374.77,95.57,16.12,24.25,5.92,43.96,,100.32,72.02,88.15,7.98,31.7,53.29,147.3,66.72,26,,137.76,8.8,
7/13/2021,16.28,103,377.45,96.14,16.13,23.93,5.96,44.12,,99.72,72.02,86.64,8.17,32.11,53.01,148.49,66.75,26.03,,137.52,9.01,
7/14/2021,16.28,102.84,375.61,95.84,16.14,23.85,5.96,44.23,,100.02,72.02,87.21,8.12,32.05,52.15,149.26,66.33,26.02,,137.78,8.99,
7/15/2021,16.21,101.96,375.38,95.65,16.09,23.56,5.99,43.86,,98.56,72.02,87.02,8.21,32.22,51.74,149.49,66.3,26.06,,136.52,8.94,
7/16/2021,16.11,101.62,374,95.26,16.11,23.44,5.96,43.58,,98.27,72.02,85.43,8.1,32,51.7,148.49,66.16,26.05,,135.72,8.84,
7/19/2021,15.85,99.33,367.23,93.41,15.65,22.88,5.89,42.77,,95.31,72.02,82.26,7.99,31.42,50.69,148.17,64.7,26.15,,131.74,8.68,
7/20/2021,16.01,99.65,372.38,94.59,15.76,23.01,5.93,43.29,,95.76,72.02,83.57,7.98,31.54,51.68,148.79,65.88,26.17,,133.6,8.63,
7/21/2021,16.14,101.46,374.43,95.16,16.04,23.65,5.93,43.35,,98.16,72.02,86.41,8.01,31.59,52.53,148.09,66.36,26.12,,135.78,8.66,
7/22/2021,16.31,102.06,376.11,95.67,16.02,23.89,6.01,43.72,,98.71,72.02,86.22,8.07,31.81,51.96,148.61,66.29,26.15,,136.54,8.78,
7/23/2021,16.49,103.16,380.5,96.42,16.05,24.05,6.02,43.99,,99.97,72.02,87.59,7.78,31.41,52.15,148.24,66.98,26.14,,138.48,8.36,
7/26/2021,16.44,103.08,380.09,96.01,15.98,24.27,6.03,43.54,,100.52,72.02,89.3,7.42,30.84,52.21,147.41,66.93,26.15,,138.1,7.93,
7/27/2021,16.14,102.46,376.44,94.85,15.82,24.06,5.94,43.29,,99.78,72.02,88.46,6.9,29.93,51.17,147.39,66.53,26.16,,137.34,7.3,
7/28/2021,16.3,103.2,378.81,95.78,15.99,24.13,5.97,43.54,,100.46,72.02,87.95,7.41,30.76,52.04,147.57,66.77,26.17,,137.8,7.96,
7/29/2021,16.25,103.64,378.15,95.87,16.23,24.28,5.98,43.58,,101.48,72.02,89.58,7.41,30.96,52.75,149,67.05,26.17,,138.52,8.03,
7/30/2021,16.21,103.16,376.59,95.36,16.16,24.03,6,43.21,,101.04,72.02,88.8,7.36,30.81,52.35,148.81,66.99,26.18,,137.78,7.97,
8/2/2021,16.33,103.76,377.39,95.79,16.22,24.2,6.03,43.71,,100.88,72.02,88.33,7.46,31.03,52.3,147.83,67.11,26.25,,138.34,7.97,
8/3/2021,16.17,104.06,376.56,95.62,16.24,24.28,6.12,43.65,,100.88,72.02,89.44,7.34,30.93,51.95,147.69,67.06,26.24,,138.8,7.77,
8/4/2021,16.31,104.68,378.18,96.07,16.38,24.33,6.17,43.47,,101.36,72.02,90.2,7.49,31.27,51.94,147.77,67.11,26.27,,139.5,8.05,
8/5/2021,16.44,105.1,379.33,96.62,16.41,24.43,6.2,43.7,,102.1,72.02,91.03,7.44,31.33,52.6,147.37,67.21,26.25,,139.9,7.94,
8/6/2021,16.54,105.02,382.94,96.91,16.28,24.55,6.2,43.88,,103.48,72.02,93.3,7.35,31.15,53.15,144.86,68.09,26.18,,140.12,7.84,
8/9/2021,16.53,105.2,383.34,97.12,16.35,24.54,6.18,43.86,,104.02,72.02,93.55,7.51,31.37,53.1,142.42,68.01,26.14,,140.68,7.91,
8/10/2021,16.43,105.56,384.72,97.43,16.29,24.65,6.16,43.93,,104.2,72.02,93.72,7.58,31.4,53.33,142.63,68.6,26.11,,141.04,7.98,
8/11/2021,16.37,106.02,384.52,97.47,16.35,24.83,6.2,44.42,,105.2,72.02,95,7.57,31.33,52.8,144.25,68.54,26.08,,141.46,8,
8/12/2021,16.49,106.24,385.37,97.56,16.46,24.83,6.21,44.35,,105.66,72.02,94.35,7.49,31.17,53.07,144.36,68.59,26.12,,142.12,7.84,
8/13/2021,16.47,106.44,384.8,97.38,16.46,24.9,6.24,44.27,,106.1,72.02,94.41,7.4,30.9,52.73,145.63,68.49,26.12,,142.34,7.74,
8/16/2021,16.44,105.96,384.13,97,16.39,24.66,6.26,43.96,,105.16,72.02,93.48,7.26,30.67,52.34,146.76,68.46,26.21,,141.42,7.43,
8/17/2021,16.57,106,386.18,97.17,16.51,24.47,6.32,43.87,,104.34,72.02,91.79,7.15,30.41,51.63,147.26,68.4,26.16,,141.08,7.37,
8/18/2021,16.51,106.14,385.92,97.2,16.42,24.73,6.31,43.93,,104.88,72.02,92.86,7.2,30.56,52.02,147.26,68.42,26.16,,141,7.35,
8/19/2021,16.47,104.5,382.6,96.02,16.16,24.54,6.25,43.33,,103.14,72.02,90.34,7,29.91,50.66,147.54,67.51,26.18,,138.54,7.12,
8/20/2021,16.72,104.94,386.09,96.58,16.12,24.57,6.3,43.26,,103.06,72.02,90.48,6.96,29.89,51.41,147.81,68.14,26.19,,139.7,7.12,
8/23/2021,16.85,105.62,388.58,97.28,16.36,24.7,6.3,43.78,,103.64,72.02,91.39,6.97,30.1,52.17,148.88,68.47,26.2,,140.24,7.14,
8/24/2021,16.85,105.56,388.48,97.67,16.42,24.68,6.32,44.08,,103.58,72.02,91.48,7.33,30.82,52.6,148.85,68.62,26.17,,140.66,7.69,
8/25/2021,16.84,105.56,388.97,97.74,16.61,24.78,6.3,43.95,,103.54,72.02,93.57,7.29,30.88,53.17,147.13,68.91,26.12,,140.9,7.57,
8/26/2021,16.76,105.28,387.28,97.3,16.54,24.55,6.31,43.87,,103,72.02,92.51,7.22,30.64,52.69,147.69,68.57,26.08,,140.2,7.48,
8/27/2021,16.8,105.84,388.54,97.71,16.61,24.63,6.43,43.96,,103.38,72.02,92.63,7.16,30.84,53.6,148.41,69,26.11,,141.14,7.42,
8/30/2021,16.97,105.84,391.14,98.1,16.86,24.5,6.51,44.03,,103.54,72.02,91.81,7.17,30.95,53.6,148.59,69.08,26.19,,141.3,7.44,
8/31/2021,16.95,105.44,390.51,98.15,17.12,24.39,6.6,44.29,,103.42,72.02,92.49,7.32,31.38,53.58,148.11,68.93,26.11,,141.58,7.7,
9/1/2021,16.95,105.94,388.95,98.19,17.28,24.76,6.61,44.63,,104.1,72.02,93.83,7.51,31.66,53.56,148.1,68.5,26.12,,142.22,7.94,
9/2/2021,16.85,106.3,389.66,98.35,17.33,24.74,6.65,44.95,,104.38,72.02,93.52,7.49,31.6,54.16,147.87,68.93,26.16,,142.26,7.98,
9/3/2021,16.89,105.66,388.46,98.21,17.26,24.41,6.7,45.77,,103.78,72.02,92.59,7.41,31.55,53.59,149.22,68.62,26.11,,141.48,7.86,
9/6/2021,16.97,106.42,390,98.87,17.48,24.43,6.72,46.88,,104.48,72.02,93.16,7.56,31.85,53.85,148.69,68.88,26.06,,142.86,7.97,
9/7/2021,16.9,105.86,388.17,98.42,17.36,24.45,6.7,46.34,,103.74,72.02,93.49,7.65,31.85,53.77,146.73,68.32,26.06,,142.2,8.09,
9/8/2021,16.83,104.74,387.83,98.01,17.18,24.34,6.66,46.53,,103,72.02,92.16,7.53,31.43,52.99,146.72,68.27,26.06,,140.82,7.91,
9/9/2021,16.88,104.68,388.59,98.12,16.92,24.23,6.7,46.86,,102.94,72.02,92.43,7.47,31.37,53.37,146.7,68.49,26.1,,139.46,7.8,
9/10/2021,16.75,104.4,385.68,97.72,17.05,23.92,6.7,47.12,8.92,102.16,72.02,91.63,7.48,31.43,52.86,146.95,67.96,26.1,,140.68,7.83,
9/13/2021,16.61,104.7,384.35,97.61,17.16,24.26,6.7,47.43,8.82,103.06,72.02,93.21,7.42,31.46,52.76,147,67.93,26.08,,140.88,7.76,
9/14/2021,16.7,104.7,383.83,97.44,17.31,24.12,6.71,47.41,8.91,103.46,72.02,92.4,7.27,31.27,52.49,147.85,67.61,26.11,,141.46,7.54,
9/15/2021,16.65,103.84,383.7,97.13,17.05,23.76,6.75,47.42,8.86,102.52,72.02,92.38,7.12,31.02,52.44,146.78,67.74,26.14,,140.06,7.32,
9/16/2021,16.72,104.26,385.2,97.48,17.01,24,6.81,47.65,8.82,103.28,72.02,93.25,7.09,31.04,52.7,144.46,68.05,26.11,,140.76,7.35,
9/17/2021,16.65,103.46,384.92,97.17,16.78,24.02,6.74,47.54,8.92,102.32,72.02,93.19,7.17,31.01,52.84,144.54,67.85,26.05,,139.02,7.51,
9/20/2021,16.33,101.6,377.94,95.41,16.3,23.65,6.7,46.85,8.87,99.9,72.02,88.21,6.94,30.29,51.65,145.44,66.68,26.07,,135.96,7.3,
9/21/2021,16.46,102.82,380.11,96.17,16.29,23.89,6.74,47.46,8.9,100.9,72.02,88.47,6.97,30.45,52.07,147.05,66.89,26.1,,138.38,7.34,
9/22/2021,16.55,103.64,381.86,96.76,16.71,24.07,6.78,47.08,8.9,102.4,72.02,91.09,7.13,30.92,52.86,146.55,67.46,26.08,,140.14,7.52,
9/23/2021,16.76,104.7,386.02,97.54,16.63,24.28,6.85,47.18,8.9,104,72.02,93.25,7.06,31.01,53.48,144.16,68.39,26.02,,140.78,7.35,
9/24/2021,16.75,103.68,385.94,97.24,16.5,24.25,6.86,47.1,8.92,103.62,72.02,93.48,6.98,30.84,53.62,144.79,68.46,25.93,,140.5,7.18,
9/27/2021,16.68,103.54,386.96,97.48,16.45,24.6,6.86,47.07,8.81,104.3,72.02,96.47,7.05,31.01,54.52,144.99,68.99,25.88,,141.3,7.22,
9/28/2021,16.31,101.3,380.28,95.73,16.18,24,6.74,46.17,8.77,102.16,72.02,94.67,7.03,30.64,53.51,144.06,68.08,25.89,,137,7.22,
9/29/2021,16.34,101.92,383.14,96.37,16.29,24.26,6.77,46.54,8.77,102.58,72.02,96.3,7.05,30.69,53.52,144.25,68.61,25.85,,137.6,7.23,
9/30/2021,16.38,101.88,382.94,96.39,16.58,24.06,6.78,46.19,8.69,102.7,72.02,96.28,7.17,31.04,53.55,147.04,68.17,25.82,,136.32,7.31,
10/1/2021,16.27,101.52,379.93,95.75,16.84,24.01,6.78,45.58,8.69,101.94,72.02,95.42,7.05,30.76,53.52,146.81,67.79,25.87,,136.38,7.2,
10/4/2021,15.97,100.96,375.38,94.55,16.74,24.01,6.75,44.31,8.69,101.6,72.02,94.8,6.86,30.22,53.01,146.97,67.52,25.86,,135.18,7.01,
10/5/2021,16.32,102.26,382.74,96.21,16.97,24.42,6.86,44.96,8.69,103.44,72.02,98.83,7,30.67,53.76,146.47,68.6,25.83,,137.1,7.18,
10/6/2021,16.27,101.1,380.24,95.45,17.07,24.02,6.79,44.36,8.69,102.14,72.02,97.89,6.98,30.43,52.89,147.5,67.76,25.81,,136.06,7.08,
10/7/2021,16.69,102.8,389.58,97.59,17.06,24.54,6.88,45.04,8.54,103.68,72.02,99.5,7.29,31.18,54.5,147.09,69.57,25.79,,138.46,7.53,
10/8/2021,16.57,102.44,387.1,97.19,17.23,24.58,6.84,44.69,8.43,103.92,72.02,99.67,7.32,31.14,54.13,146.97,69.15,25.71,,138.12,7.51,
10/11/2021,16.63,102.54,388.08,97.46,17.73,24.44,6.85,45.12,8.41,103.32,72.02,99.8,7.37,31.33,54.21,146.97,69.37,25.66,,137.12,7.56,
10/12/2021,16.43,102.44,384.75,96.84,17.91,24.58,6.89,44.73,8.37,103.6,72.02,99.92,7.31,31.13,53.95,147.79,68.98,25.67,,137.04,7.44,
10/13/2021,16.33,103.18,381.94,96.6,17.74,24.42,6.95,44.35,8.37,103.56,72.02,97.77,7.41,31.3,53.8,149.84,68.44,25.75,,137.74,7.51,
10/14/2021,16.7,104.44,388.94,98.06,17.87,24.56,7,44.85,8.54,104.86,72.02,98.71,7.33,31.36,54.65,150.05,69.56,25.8,,140.06,7.48,
10/15/2021,16.86,105.2,392.3,98.86,17.78,24.69,7.05,45.28,8.54,105.62,72.02,100.42,7.45,31.81,55.11,147.87,70.17,25.81,,141.22,7.56,
10/18/2021,16.95,104.64,393.1,98.83,17.73,24.56,7.02,45.01,8.42,105.38,72.02,100.26,7.46,31.72,54.4,147.48,70.03,25.73,,140.14,7.59,
10/19/2021,17.14,105.08,395.02,99.35,17.67,24.72,6.99,45.22,8.52,105.7,72.02,100.36,7.6,31.96,54.56,147.31,70.11,25.72,,140.88,7.82,
10/20/2021,17.12,105.4,396.56,99.67,17.61,24.78,6.94,45.08,8.5,106.64,72.02,100.84,7.63,31.96,54.85,148.23,70.63,25.7,,141.3,7.97,
10/21/2021,17.09,105.3,396.22,99.37,17.42,24.56,6.87,44.35,8.5,106.42,72.02,99.8,7.6,31.66,54.75,148,70.44,25.65,,140.72,7.86,
10/22/2021,17.12,105.8,397.01,99.54,17.31,24.45,6.8,44.67,8.54,106.66,72.02,99.95,7.65,31.58,54.74,149.71,70.92,25.65,,141.22,8.01,
10/25/2021,17.22,105.86,399.93,100.18,17.4,24.51,6.84,44.9,8.54,107.62,72.02,100.6,7.66,31.88,55.57,150.61,71.48,25.7,,141.96,8.02,
10/26/2021,17.38,106.6,403.21,100.8,17.4,24.79,6.93,45.03,8.54,108.38,72.02,100.8,7.56,31.89,55.64,149.19,71.63,25.68,,142.98,7.86,
10/27/2021,17.31,106.26,401.8,100.28,17.23,24.66,6.91,44.75,8.53,107.54,72.02,99.23,7.44,31.63,54.71,149.57,70.9,25.77,,143.06,7.68,
10/28/2021,17.28,106.56,400.23,99.93,17.24,24.83,6.76,44.67,8.57,107.84,72.02,99.19,7.36,31.27,54.57,149.39,70.39,25.81,,143.04,7.62,
10/29/2021,17.46,106.62,405.04,100.7,17.31,24.97,6.77,44.95,8.65,107.92,72.02,100.1,7.35,31.25,55.48,148.81,71.29,25.76,,143.84,7.54,
11/1/2021,17.46,107.36,405.19,101.02,17.46,25.33,6.84,45.45,8.69,109.22,72.02,102.06,7.41,31.41,56.57,149.61,71.43,25.7,,144.74,7.71,
11/2/2021,17.68,107.54,407.52,101.22,17.38,25.1,6.86,45.53,8.78,109.16,72.02,101.7,7.22,31.18,56.69,149.33,71.75,25.8,,145.36,7.5,
11/3/2021,17.64,107.92,406.95,101.16,17.22,24.93,6.86,45.47,8.83,109.76,72.02,102.38,7.25,31.17,57.52,147.26,71.83,25.76,,145.66,7.49,
11/4/2021,18.04,108.36,412.22,102.16,17.62,24.92,6.9,46.01,8.9,110.26,72.02,101.14,7.28,31.31,58.02,150.21,72.28,25.81,,146.48,7.49,
11/5/2021,18.2,108.42,414.97,102.6,17.55,25.14,6.97,46.16,8.83,111.56,72.02,102.08,7.16,31.33,58.89,151.83,72.78,25.93,,147.64,7.41,
11/8/2021,18.22,108.48,413.6,102.46,17.49,25.01,7.05,45.92,8.79,111.2,72.02,101.86,7.2,31.5,59.15,152.22,72.68,25.91,,147.68,7.4,
11/9/2021,18.18,108.22,411.97,102.08,17.27,24.98,6.98,45.65,8.79,110.14,72.02,100.98,7.19,31.48,58.49,152.62,72.56,25.94,,146.92,7.37,
11/10/2021,18.09,108.5,413.96,102.54,17.05,25.15,7.05,45.57,8.79,110.52,72.02,101.64,7.33,31.73,58.7,155.94,73.14,25.88,,147.02,7.58,
11/11/2021,18.15,108.88,414.19,102.8,17.03,25.07,7.07,45.82,8.79,110.84,72.02,102.12,7.54,32.2,58.75,157.12,73.15,25.81,,147.26,7.93,
11/12/2021,18.38,109.2,416.77,103.42,16.99,24.98,7.16,46.31,8.79,111.3,72.02,101.34,7.57,32.3,58.73,157.34,73.56,25.79,,147.76,7.95,
11/15/2021,18.42,109.62,418.38,103.84,16.71,25,7.16,46.49,8.78,111.74,72.02,102.02,7.54,32.35,58.78,157.91,73.92,25.79,,148.28,7.93,
11/16/2021,18.71,109.82,423.4,104.78,16.71,24.86,7.14,46.63,8.78,111.64,72.02,101.24,7.67,32.56,58.95,158.27,74.64,25.74,,149.14,8.09,
11/17/2021,18.77,109.94,422.92,104.64,16.53,24.75,7.13,46.42,8.82,111.6,72.02,101.08,7.64,32.51,58.7,159.49,74.26,25.72,,149.02,8.01,
11/18/2021,18.73,109.46,421.77,104.08,16.11,24.5,7.04,46.35,8.82,110.98,72.02,99.82,7.41,32.03,58.22,158.74,73.8,25.8,,148.74,7.75,
11/19/2021,19.05,109.12,424.32,104.48,15.89,24.1,7.08,46.7,8.82,109.68,72.02,97.03,7.46,32.15,58.08,158.88,73.73,25.88,,147.36,7.85,
11/22/2021,19.24,108.96,428.32,104.94,15.86,24.31,6.98,46.86,8.82,110.26,72.02,98.14,7.39,32.08,58.49,155.98,74.56,25.78,,147.08,7.66,
11/23/2021,18.67,107.46,422.5,103.58,15.98,24.22,7.02,46.5,8.82,108.66,72.02,97.65,7.35,31.84,57.31,153.2,73.94,25.7,,145.32,7.68,
11/24/2021,18.98,107.68,427.05,104.48,15.91,24.16,6.98,46.31,8.82,109.38,72.02,97.79,7.4,32.04,57.96,154.62,74.63,25.67,,144.74,7.73,
11/25/2021,19.12,108.14,428.18,104.78,15.8,24.3,7.05,46.28,8.52,109.24,72.02,97.93,7.46,32.1,58.16,154.37,74.74,25.7,,145.26,7.8,
11/26/2021,18.45,104,414.24,101,15.04,23.08,6.65,44.71,8.42,104.24,72.02,91.58,7.1,30.57,54.74,153.5,71.87,25.82,,139.34,7.35,
11/29/2021,18.87,104.92,420.32,102.24,15.25,23.24,6.71,44.99,8.43,105.1,72.02,92.12,7.13,30.92,55.34,153.2,72.75,25.84,,139.56,7.38,
11/30/2021,18.7,103.94,415.02,100.94,15.61,22.9,6.74,44.14,8.24,104.12,72.02,91.92,7.06,30.81,54.26,152.37,71.6,25.87,,138.92,7.3,
12/1/2021,19.01,105.78,418.41,102.2,15.9,23.25,6.84,45.11,8.32,106.38,72.02,93.82,7.17,31.44,55.36,152.47,72.04,25.88,,141.02,7.43,
12/2/2021,18.49,104.38,410.65,100.64,15.92,22.84,6.89,44.48,8.12,104.9,72.02,93.32,7.08,31.32,53.79,151.1,71.03,25.93,,139.74,7.27,
12/3/2021,18.32,103.88,409.72,100.18,15.8,22.73,6.78,44.96,8.04,104.42,72.02,92.83,6.88,30.92,53.72,152.18,71.37,25.96,,137.9,7.01,
12/6/2021,18.43,105.28,414.53,101.32,15.86,23.25,6.7,45.14,8.01,106.86,72.02,94.91,6.93,31.07,54.33,152.69,72.55,25.97,,140.26,7.08,
12/7/2021,19.22,107.86,425.56,103.94,16.17,23.59,6.82,46.36,8.11,109.48,72.02,96.2,7.13,31.72,56.4,153.68,74.11,25.95,,144,7.31,
12/8/2021,19.09,107.22,421.4,103.18,16.06,23.41,6.86,45.94,8.36,107.86,72.02,95.59,7.15,31.68,56.05,152.2,73.34,25.85,,144.16,7.28,
12/9/2021,19.22,107.04,424.2,103.44,15.93,23.15,6.89,45.84,8.4,108.06,72.02,95.27,7.19,31.72,55.61,152.38,73.61,25.89,,142.5,7.39,
12/10/2021,19.16,106.76,422.18,102.92,15.97,23.05,6.88,45.72,8.26,107.76,72.02,94.63,7.11,31.51,54.44,152.65,73.22,25.91,,142.4,7.32,
12/13/2021,19.23,106.32,422.63,102.66,15.92,23,6.78,45.49,8.23,107.04,72.02,93.83,7.01,31.15,53.77,153.22,73.07,25.95,,141.86,7.19,
12/14/2021,18.72,105.4,418.09,101.76,15.86,23.11,6.78,45.33,8.26,107.18,72.02,94.63,6.99,31.04,53.7,152.22,72.92,25.94,,140.84,7.14,
12/15/2021,18.77,105.68,418.23,101.72,15.44,22.91,6.7,45.76,8.08,107.5,72.02,93.82,6.79,30.73,52.91,151.75,72.57,25.92,,141.02,6.91,
12/16/2021,18.93,106.96,424.74,103.12,15.83,23.22,6.75,46.17,8.08,108.06,72.02,95.36,6.87,31.09,54.2,153.77,74.01,25.9,,141.96,7.01,
12/17/2021,18.7,106.28,420.35,102.36,15.67,23.02,6.64,45.82,8.09,107.18,72.02,93.91,6.81,30.96,53.92,154.71,73.39,25.94,,140.26,6.95,
12/20/2021,18.3,104.8,409.69,100.06,15.67,22.82,6.53,44.93,8.09,105.54,72.02,92.99,6.6,30.26,52.15,153.59,71.08,25.93,,138.8,6.65,
12/21/2021,18.61,106.5,417.15,101.86,15.79,23.28,6.63,45.39,8.09,107.2,72.02,95.52,6.81,30.88,54.15,153.31,72.86,25.81,,141.92,6.95,
12/22/2021,18.98,107.44,422.15,102.72,15.89,23.45,6.73,45.24,8.09,108,72.02,95.95,6.79,30.95,54.61,153.64,73.27,25.82,,143.06,6.96,
12/23/2021,19.22,108.42,426.82,103.82,15.98,23.73,6.79,45.54,8.09,108.9,72.02,97.38,6.85,31.19,55.34,154.6,74.1,25.78,,144.68,6.89,
12/24/2021,19.46,109.18,429.75,104.4,16.03,23.89,6.8,45.37,8.09,109.74,72.02,97.8,6.84,31.32,55.46,154.77,74.4,25.78,,144.68,6.89,
12/27/2021,19.46,109.18,429.75,104.4,16.03,23.89,6.8,45.37,8.09,109.74,72.02,97.8,6.84,31.32,55.46,154.77,74.4,25.76,,144.7,6.93,
12/28/2021,19.53,110.02,432.4,104.94,16.24,24.08,6.86,45.63,8.49,110.66,72.02,98.48,6.75,31.28,55.61,154.8,75.07,25.79,,145.92,6.71,
12/29/2021,19.44,109.52,430.59,104.32,16.28,24.05,6.85,45.21,8.41,110.18,72.02,98.36,6.62,31.01,55.36,153.79,74.99,25.72,,144.74,6.62,
12/30/2021,19.56,109.88,432.63,104.72,16.31,24.11,6.89,45.3,8.53,110.26,72.02,98.48,6.67,31.13,55.45,154.8,75.24,25.74,,145.48,6.66,
12/31/2021,19.45,110.2,431.08,104.8,16.61,24.27,7.03,45.33,8.5,111.82,72.02,99.42,6.86,31.64,55.87,154.2,74.96,25.74,,145.48,6.66,
1/3/2022,19.45,110.2,431.08,104.8,16.61,24.27,7.03,45.33,8.46,111.82,72.02,99.42,6.86,31.64,55.87,154.2,74.96,25.68,,147.1,6.91,
1/4/2022,19.26,110.92,433.35,105.28,16.75,24.4,7.09,45.97,8.5,112.4,72.02,102.32,6.72,31.55,55.96,155.49,76.01,25.6,,147.76,6.69,
1/5/2022,19.1,110.94,431.42,104.88,16.82,24.43,7.11,46.09,8.5,113.5,72.02,102.84,6.66,31.34,55.73,155.69,75.9,25.58,,147.24,6.61,
1/6/2022,18.65,109.4,424.68,103.4,16.76,24.41,7.07,45.36,8.5,111.44,72.02,103.64,6.67,31.16,54.52,153.22,74.92,25.5,,146.66,6.65,
1/7/2022,18.39,109.16,421.35,102.78,16.95,24.4,7.09,44.74,7.82,111.06,72.02,104.84,6.75,31.22,54.01,152.68,74.65,25.43,,146.5,6.71,
1/10/2022,18.01,107.5,415.51,101.62,16.88,24.3,7.13,44.64,7.66,110.46,72.02,104.54,6.76,31.24,53.04,153.27,73.54,25.43,,144.6,6.77,
1/11/2022,18.49,108.5,420.89,103,17.33,24.45,7.24,44.9,7.8,110.96,72.02,104.9,6.92,31.8,53.57,154.57,74.04,25.42,,146,6.99,
1/12/2022,18.55,109.16,422.37,103.48,17.9,24.51,7.27,45.38,7.74,111.5,72.02,106.22,7.01,32.1,53.28,154.23,74.26,25.48,,146.34,7.13,
1/13/2022,18.41,109.12,420.82,103.12,17.78,24.66,7.23,45.18,7.57,112.1,72.02,107.3,6.87,31.91,53.41,153.21,74.49,25.5,,146.34,6.88,
1/14/2022,18.14,108.06,414.62,101.88,17.53,24.64,7.2,44.9,7.4,111.02,72.02,106.86,6.86,31.75,52.37,154.03,73.38,25.42,,145.14,6.95,
1/17/2022,18.26,108.8,417.99,102.6,17.46,24.72,7.24,44.94,7.5,111.5,72.02,107.32,6.86,31.81,53.11,154.25,74.2,25.38,,145.96,6.93,
1/18/2022,18.02,107.7,413.16,101.54,17.06,24.55,7.17,44.58,7.32,110.76,72.02,106.64,6.87,31.58,52.12,154.69,73.34,25.3,,144.52,6.96,
1/19/2022,17.77,107.9,410.72,101.18,17.17,24.52,7.1,44.05,7.31,110.16,72.02,105.18,6.88,31.66,51.11,156.76,72.96,25.33,,144.76,6.94,
1/20/2022,17.97,108.54,414.08,102.14,17.15,24.63,7.12,44.37,7.42,110.98,72.02,104.72,7.17,32.26,51.76,157,73.42,25.35,,144.26,7.32,
1/21/2022,17.51,106.5,403.74,99.82,16.78,24.26,6.98,44.03,7.25,108.88,72.02,102.62,6.99,31.61,50.19,156.39,71.67,25.39,,141.78,7.05,
1/24/2022,16.54,102.32,387.01,95.92,15.86,23.47,6.64,43.2,6.9,105.26,72.02,98.63,6.74,30.51,48.19,156.84,69.24,25.41,,139.82,6.68,
1/25/2022,16.7,103.14,391.2,96.88,15.98,23.61,6.8,43.32,7.03,105.42,72.02,101.12,6.78,30.72,49.04,158.33,69.98,25.39,,139.32,6.77,
1/26/2022,17.26,104.88,400.31,98.66,16.37,24.03,6.8,43.55,7.16,107.5,72.02,104.06,6.8,30.96,50.28,157.11,71.42,25.36,,141.3,6.8,
1/27/2022,17.37,105.74,403.89,99.32,16.44,24.29,6.81,43.19,7.07,108.76,72.02,105.56,6.72,30.97,49.53,155.76,71.93,25.32,,141.94,6.68,
1/28/2022,17.4,104.56,399.21,98.21,15.99,23.97,6.8,42.73,6.98,107.52,72.02,104.12,6.58,30.6,48.17,154.55,70.52,25.28,,141.3,6.52,
1/31/2022,17.91,105.44,407,99.94,16.21,24,6.9,43.24,7.24,108.5,72.02,104.4,6.83,31.32,49.66,155.06,71.74,25.23,,142.14,6.8,
2/1/2022,18.04,106.64,410.04,100.74,16.41,24.36,6.97,43.41,7.38,109.84,72.02,106.56,6.93,31.6,50.8,155.42,72.38,25.2,,143.1,6.99,
2/2/2022,17.99,107.04,411.7,100.88,16.62,24.33,6.97,43.95,7.31,110.94,72.02,107.22,6.79,31.34,49.87,154.85,72.6,25.25,,143.66,6.85,
2/3/2022,17.66,105.1,404.3,99.2,16.58,24.28,6.8,43,7.16,109.5,72.02,108.16,6.73,30.87,49.15,152.75,71.83,25.12,,140.22,6.78,
2/4/2022,17.39,103.82,400.02,98.21,16.09,24,6.75,42.8,7.11,107.56,72.02,108.2,6.71,30.81,48.37,152.47,70.77,25.01,,138.9,6.68,
2/7/2022,17.48,104.42,401.73,98.72,16.1,23.99,6.7,43.03,7.2,106.56,72.02,109.16,6.69,30.83,49.06,153.66,71.25,24.98,,139.6,6.64,
2/8/2022,17.58,104.54,403.69,99.18,16.46,24.25,6.73,43.25,7.21,106.84,72.02,111.84,6.76,31.12,49.81,154.66,71.82,24.89,,140.26,6.71,
2/9/2022,17.89,106.3,408.71,100.6,16.7,24.73,6.8,43.75,7.37,109.52,72.02,113.42,6.9,31.55,50.68,154.81,72.85,24.96,,143,6.91,
2/10/2022,17.7,106,405.5,100.1,16.5,24.83,6.74,43.33,7.34,109.94,72.02,113.7,6.89,31.55,50.81,154.86,72.63,24.81,,142.98,6.84,
2/11/2022,17.41,105.42,402.08,99.5,16.34,24.51,6.69,43.28,7.28,109.1,72.02,112.3,6.86,31.46,50.51,155.51,72.16,24.78,,140.68,6.74,
2/14/2022,17.26,103.6,398.54,98.51,16.04,23.92,6.53,43.31,7.19,106.56,72.02,108.5,6.77,31.08,50.41,159.42,71.3,24.77,,137.56,6.67,
2/15/2022,17.48,105.12,401.92,99.38,16.58,24.32,6.71,43.62,7.22,109.12,72.02,110.24,6.84,31.44,50.77,157.42,71.86,24.74,,140.66,6.77,
2/16/2022,17.33,105.06,399.47,99.05,16.55,24.38,6.67,43.47,7.18,109.04,72.02,108.78,6.85,31.59,50.88,158.55,71.65,24.72,,140.96,6.78,
2/17/2022,17.25,104.34,397.82,98.63,16.19,24.13,6.69,43.28,7.11,107.8,72.02,106.94,6.9,31.6,50.39,161.26,71.32,24.82,,139.28,6.87,
2/18/2022,16.89,103.54,392.98,97.53,15.89,23.94,6.68,43.07,6.97,107.16,72.02,106.66,6.7,31.2,49.63,161.52,70.83,24.82,,138.12,6.55,
2/21/2022,16.56,102.14,388.59,96.49,15.35,23.63,6.67,42.76,6.91,105.2,72.02,104.94,6.62,30.96,49.03,161.73,70.33,24.83,,135.16,6.38,
2/22/2022,16.73,102.1,389.72,96.53,15.41,23.66,6.65,42.87,6.97,105.24,72.02,104.26,6.54,30.72,49.31,162.16,70.49,24.82,,135.48,6.35,
2/23/2022,16.64,102,387.21,96.09,14.97,23.55,6.6,42.68,6.93,105.02,72.02,102.92,6.51,30.68,48.72,163,69.91,24.75,,134.6,6.33,
2/24/2022,16.53,98.65,383.76,94.63,13.07,22.82,6.28,42.04,6.93,100.68,72.02,94.26,6.38,29.6,48.46,166.79,69.15,24.78,,129.78,6.18,
2/25/2022,17.14,102.02,396.35,97.5,14.32,23.69,6.56,43.04,7.16,104.12,72.02,97.55,6.44,30.31,50.13,162.1,71.4,24.74,,134.58,6.31,
2/28/2022,17.25,101.82,399.22,97.89,14.29,23.65,6.59,43.34,7.26,102.6,72.02,92,6.48,30.18,51.23,163.48,71.94,24.82,,130.9,6.32,
3/1/2022,17.14,99.3,397.46,97.28,13.82,22.83,6.53,43.12,7.27,98.98,72.02,85.7,6.53,30.36,50.64,168,71.33,25.11,,127.46,6.34,
3/2/2022,17.35,100.14,402.9,98.2,14.23,23.26,6.59,43.08,7.28,99.28,72.02,86.69,6.47,30.27,51.5,166.95,72.54,25.02,,130.2,6.19,
3/3/2022,17.36,98.18,403.85,97.91,13.76,22.41,6.48,42.96,7.23,96.86,72.02,85.99,6.35,30.04,51.33,168.71,72.76,24.92,,126.42,5.97,
3/4/2022,17.07,94.6,401.86,96.89,13.06,21.58,6.37,42.93,7.17,90.9,72.02,79.32,6.24,29.65,50.9,173.59,72.67,25.09,,120.78,5.79,
3/7/2022,16.96,93.46,401.12,96.35,12.72,21.38,6.26,42.1,7.09,89.89,72.02,75.83,6.12,29.15,51.12,176.15,72.8,24.93,,117.36,5.71,
3/8/2022,16.35,93.29,391.83,94.47,12.72,21.78,6.24,41.09,6.99,90.37,72.02,77.93,5.97,28.69,50.3,183.04,71.34,24.77,,119.7,5.5,
3/9/2022,16.73,98.15,394.3,95.81,13.83,22.88,6.48,41.38,7.12,95.97,72.02,85.62,5.97,29.05,51,174.5,71.5,24.66,,129.08,5.6,
3/10/2022,16.45,96.1,391.36,94.93,13.51,22.58,6.44,41.5,7.05,92.5,72.02,82.75,5.75,28.64,50.41,174.87,70.94,24.54,,123.92,5.26,
3/11/2022,16.65,97.1,397.36,95.88,14.02,22.77,6.5,41.45,7.07,93.27,72.02,83.02,5.62,28.6,51.11,175.3,72.13,24.5,,124.86,5.07,
3/14/2022,16.23,98.14,390.76,94.66,13.7,22.99,6.57,41.25,6.91,94.71,72.02,85.66,5.22,27.89,49.83,172.2,71.1,24.39,,127.72,4.63,
3/15/2022,16.62,98.16,396.77,95.52,14.06,23.05,6.64,41.77,6.92,94.96,72.02,86.53,5.08,27.73,50.1,169.98,71.85,24.36,,127.78,4.59,
3/16/2022,17.01,101.02,402.7,97.71,14.61,23.42,6.77,42.22,7.14,98.2,72.02,91.42,5.86,29.26,51.34,167.55,72.81,24.37,,129.92,5.67,
3/17/2022,16.96,101.5,403.34,97.97,15.09,23.53,6.77,42.41,7.28,97.52,72.02,89.82,5.82,29.2,51.74,168.99,72.92,24.4,,132,5.42,
3/18/2022,17.45,102.56,409.99,99.56,14.79,23.56,6.79,43.11,7.47,97.56,72.02,90.27,6.19,29.86,52.44,168.48,73.67,24.46,,130.5,5.87,
3/21/2022,17.51,102.34,412.74,99.84,14.66,23.49,6.72,43.33,7.42,98.24,72.02,89.42,5.9,29.41,52.57,169.49,74.08,24.36,,131.42,5.54,
3/22/2022,17.89,103.42,418.35,101.18,14.98,23.81,6.83,43.38,7.46,99.06,72.02,91.51,6.17,30.07,52.8,168.7,74.77,24.24,,133.04,5.86,
3/23/2022,17.84,102.26,417.38,100.88,14.81,23.36,6.74,43.36,7.45,98.18,72.02,89.42,6.2,30.1,52.8,169.91,74.33,24.21,,131.3,5.97,
3/24/2022,17.91,102.12,417.65,100.88,14.85,23.27,6.81,43.46,7.4,98.7,72.02,88.17,6.07,30.09,52.5,172.75,74.43,24.23,,131.5,5.69,
3/25/2022,18.01,102.3,420.95,101.28,14.76,23.38,6.78,43.54,7.39,99.27,72.02,87.9,5.94,29.86,52.85,172.12,75.04,24.12,,131.68,5.52,
3/28/2022,18.1,102.46,422.95,101.52,14.79,23.49,6.83,42.99,7.39,100.14,72.02,88.39,5.99,29.89,52.56,170.61,75.1,24.1,,133.24,5.64,
3/29/2022,18.35,104.3,425.13,102.28,15.34,24.17,6.91,43.29,7.53,102.28,72.02,93.46,6.09,30.13,53.46,166.45,75.64,24.1,,135.66,5.84,
3/30/2022,18.29,103.88,423.02,101.9,15.53,24.04,6.87,42.92,7.58,102.08,72.02,91.63,6.13,30.14,53.28,167.6,75.26,24.18,,134.4,5.74,
3/31/2022,18.26,103,423.48,101.74,15.18,23.76,6.87,42.9,7.52,101.32,72.02,89.31,5.95,29.92,52.78,169.36,75.44,24.26,,132.24,5.51,
4/1/2022,17.95,103.36,419.92,101.46,15.35,23.88,6.96,42.77,7.59,101.68,72.02,90.42,6.13,30.3,52.84,168.83,74.88,24.17,,132.48,5.71,
4/4/2022,18.4,104.28,425.22,102.8,15.44,23.92,7.2,43.39,7.74,101.96,72.02,90.23,6.33,31,53.28,169.82,75.44,24.21,,134.42,5.97,
4/5/2022,18.29,104.48,427.61,102.96,15.09,24.2,7.21,42.79,7.81,100.9,72.02,88.35,6.24,30.78,53.05,170.43,75.93,24.07,,133.06,5.88,
4/6/2022,17.72,102.94,419.25,101.1,14.88,23.92,7.11,42.01,7.64,98.74,72.02,85.75,6.09,30.33,51.68,170.79,74.78,23.99,,129.98,5.59,
4/7/2022,17.68,102.88,418.8,100.92,14.75,23.84,7.09,41.74,7.69,98.22,72.02,85.29,5.99,30.03,51.29,171.31,74.61,23.95,,130.42,5.51,
4/8/2022,17.72,104.2,424.32,102,14.8,24.24,7.2,41.91,7.74,100.4,72.02,87.31,6.07,30.31,51.8,173.01,75.99,23.89,,130.38,5.54,
4/11/2022,17.22,103.68,417.7,100.64,14.94,24.17,7.15,41.24,7.53,100.1,72.02,88.02,5.92,29.95,51.25,173.39,75.26,23.74,,131.16,5.39,
4/12/2022,17.4,103.3,420,101.08,14.87,24.17,7.13,41.11,7.58,99.7,72.02,86.49,5.97,30.12,52.07,175.71,75.7,23.82,,128.74,5.39,
4/13/2022,17.34,103.32,417.82,100.78,14.93,24.28,7.05,41.22,7.52,99.83,72.02,86.72,6.01,30.21,52.05,176.08,75.35,23.83,,129.04,5.43,
4/14/2022,17.3,104,420.45,101.28,14.78,24.57,7.06,41.62,7.54,100.62,72.02,87.56,5.99,30.12,52.39,175.96,76.05,23.71,,130.22,5.39,
4/15/2022,17.39,103.3,422.3,101.24,14.57,24.56,6.92,40.83,7.47,100.42,72.02,88.09,5.87,29.73,52.74,175.02,76.46,23.71,,130.22,5.39,
4/18/2022,17.39,103.3,422.3,101.24,14.57,24.56,6.92,40.83,7.47,100.42,72.02,88.09,5.87,29.73,52.74,175.02,76.46,23.71,,130.22,5.39,
4/19/2022,17.39,103.3,422.3,101.24,14.57,24.56,6.92,40.83,7.47,100.42,72.02,88.09,5.87,29.73,52.74,175.02,76.46,23.57,,129.42,5.25,
4/20/2022,17.38,104.3,422.35,101.34,14.48,24.74,6.98,41.06,7.47,101.58,72.02,90.02,5.72,29.57,52.89,174.02,77.02,23.61,,132.58,5.13,
4/21/2022,17.46,104.6,422.42,101.24,14.34,24.88,7.05,41.15,7.38,101.44,72.02,91.19,5.54,29.21,52.41,172.91,76.87,23.53,,133.88,4.93,
4/22/2022,16.97,102.62,411.7,99.14,13.98,24.44,6.98,40.63,7.19,99.15,72.02,89.5,5.63,29.11,50.99,173.12,74.97,23.51,,130.52,5.07,
4/25/2022,16.72,101,404.49,97.53,13.52,24.22,6.94,40.65,7.13,97.72,72.02,87.31,5.46,28.64,50.21,171.02,73.58,23.63,,128.24,4.92,
4/26/2022,16.58,99.98,404.88,97.28,13.09,23.78,6.98,40.58,7.06,96.84,72.02,85.46,5.43,28.46,50.31,172.5,74.06,23.64,,128.86,4.91,
4/27/2022,17.04,100.74,409.63,98.35,13.12,23.94,7.03,41.01,7.04,97.09,72.02,85.04,5.62,28.87,50.31,172.69,74.66,23.58,,126.68,5.17,
4/28/2022,17.21,101.54,411.12,98.88,13.09,24.09,7.12,41.39,6.94,98.17,72.02,84.63,5.65,29.1,49.89,173.63,74.64,23.48,,129.54,5.2,
4/29/2022,17.27,102.36,410.92,99.42,12.95,24.33,7.07,41.86,7.05,98.97,72.02,86,6.01,29.81,50.77,174.93,75,23.43,,128.5,5.69,
5/2/2022,16.85,100.48,402.1,97.35,12.71,23.9,7.01,41.08,6.97,97.21,72.02,84.34,5.92,29.34,49.85,171.44,73.3,23.33,,127.74,5.58,
5/3/2022,17.09,101.5,407.68,98.6,12.85,24.31,7.01,41.54,7.04,98.98,72.02,86.53,6.01,29.57,50.45,171.84,74.53,23.38,,128.9,5.67,
5/4/2022,16.87,100.32,402.94,97.38,12.61,24.05,6.84,41.13,6.86,97.52,72.02,85.32,5.88,29.13,49.79,170.99,73.72,23.32,,128.38,5.47,
5/5/2022,17.02,99.7,405.64,97.56,12.14,23.83,6.8,41.19,6.88,97,72.02,84.16,5.75,28.83,49.87,173.09,74.37,23.24,,129.44,5.32,
5/6/2022,16.73,97.78,399.55,96.07,12.17,23.54,6.65,41.04,6.62,96.13,72.02,82.56,5.6,28.43,48.87,172.69,72.89,23.2,,125.14,5.18,
5/9/2022,16.12,95.05,390.56,93.68,11.93,23.09,6.57,40.28,6.31,93.3,72.02,81.05,5.37,27.71,47.28,170.48,71.42,23.2,,122.14,4.91,
5/10/2022,16.11,95.7,386.86,93.36,11.92,23.06,6.48,40.16,6.29,94.2,72.02,81.92,5.4,27.57,46.36,169.37,70.39,23.32,,123.1,4.93,
5/11/2022,16.19,97.33,391.19,94.25,11.94,23.61,6.51,40.3,6.45,96.68,72.02,84.28,5.56,27.93,47.18,169.91,71.53,23.31,,125.2,5.15,
5/12/2022,15.84,96.68,386.59,93.5,11.74,23.25,6.49,40.83,6.41,96.37,72.02,84.05,5.55,27.76,46.85,170.61,71,23.44,,123.58,5.13,
5/13/2022,16.3,98.95,396.16,95.76,12.23,23.63,6.46,41.54,6.65,98.19,72.02,85.78,5.72,28.33,48.19,168.22,72.74,23.4,,127.26,5.39,
5/16/2022,16.11,98.82,393.54,95.25,12.27,23.67,6.45,41.24,6.68,98.03,72.02,85.23,5.72,28.35,47.94,168.33,72.28,23.36,,127.14,5.37,
5/17/2022,16.35,100.22,395.49,95.87,12.61,24.02,6.56,41,6.69,99.06,72.02,87.59,5.82,28.6,48.49,167.16,72.66,23.3,,128.74,5.51,
5/18/2022,16.01,98.98,388.62,94.52,12.57,24,6.49,41.12,6.61,98.22,72.02,87.11,5.76,28.36,47.94,167.38,71.52,23.31,,126.2,5.44,
5/19/2022,15.59,97.88,379.07,92.95,12.45,23.82,6.42,40.96,6.57,98.3,72.02,87.38,5.76,28.3,47.22,168.78,69.94,23.41,,125.68,5.43,
5/20/2022,15.41,98.46,376.69,92.8,12.44,24.03,6.46,41.35,6.6,98.32,72.02,87.22,5.82,28.43,46.56,169.13,69.49,23.41,,127.06,5.47,
5/23/2022,15.62,99.84,381.26,93.78,12.97,24.42,6.47,41.52,6.63,99.67,72.02,90.48,5.75,28.43,47.16,167.78,70.33,23.34,,127.94,5.35,
5/24/2022,15.17,98.66,371.43,91.51,12.86,24.41,6.32,40.89,6.46,98.89,72.02,90.71,5.49,27.57,45.42,168.2,68.46,23.42,,126.7,5.05,
5/25/2022,15.45,99.31,379.68,93.08,12.69,24.79,6.34,41.19,6.47,100.36,72.02,92.34,5.56,27.88,46.83,167.46,70.18,23.5,,127.32,5.16,
5/26/2022,15.81,100.36,386.89,94.48,13,25.13,6.39,41.34,6.53,101.58,72.02,93.82,5.71,28.23,47.97,166.33,71.61,23.41,,128.08,5.36,
5/27/2022,16.38,101.74,395.23,96.3,12.95,25.27,6.45,41.7,6.68,101.94,72.02,94.04,5.78,28.7,49.04,167.36,73.03,23.48,,132,5.41,
5/30/2022,16.55,102.2,398.23,96.93,13.23,25.25,6.53,41.61,6.74,102.68,72.02,95.2,5.88,29.04,49.37,166.55,73.37,23.44,,132.9,5.58,
5/31/2022,16.35,101.46,394.52,96.17,13.04,25.04,6.48,41.2,6.64,101.52,72.02,93.87,6,29.21,48.6,165.99,72.53,23.32,,132.06,5.68,
6/1/2022,16.44,100.44,394.05,96,12.92,24.75,6.51,41.52,6.54,100.34,72.02,93.01,5.94,29.12,48.4,167.4,72.09,23.3,,131.34,5.6,
6/2/2022,16.41,101.12,393.69,96.22,13.2,24.75,6.59,41.35,6.61,101.14,72.02,93.07,6.03,29.25,49.17,168.33,72.33,23.24,,132.34,5.76,
6/3/2022,16.3,100.82,393.4,95.86,12.82,24.7,6.48,40.84,6.64,100.06,72.02,92.28,5.98,28.93,49.1,167.1,72.43,23.21,,132.18,5.72,
6/6/2022,16.46,101.92,397.51,96.77,13.1,25.01,6.49,41.08,6.65,101.6,72.02,94.41,6.18,29.29,49.54,166.75,73.04,23.1,,132.8,5.95,
6/7/2022,16.42,101.5,395.47,96.37,13.03,25.04,6.48,41.07,6.69,100.7,72.02,93.37,6.19,29.09,49.76,167.29,72.82,23.21,,132.22,5.97,
6/8/2022,16.47,100.86,397.36,96.62,12.78,24.98,6.45,40.74,6.8,100.28,72.02,92.77,6.39,29.34,50.02,167.35,72.94,23.15,,132.48,6.22,
6/9/2022,16.36,99.52,394.18,95.79,12.51,24.56,6.46,40.99,6.7,98.48,72.02,91.25,6.28,29.05,49.27,167.19,72.16,23.05,,129.98,6.02,
6/10/2022,15.6,96.71,381.03,93.11,12.14,23.6,6.42,40.38,6.5,93.45,72.02,85.48,6.3,28.81,47.88,171.34,70.2,22.92,,125.04,6.1,
6/13/2022,15.18,94.54,371.99,90.95,11.81,23.03,6.34,39.77,6.29,90.7,72.02,83.13,6.1,28.12,46.43,169.29,68.22,22.6,,122.04,5.84,
6/14/2022,15.09,93.34,369.26,90.46,11.89,22.73,6.36,39.44,6.26,90.6,72.02,83.73,6.29,28.45,46.08,168.24,67.77,22.49,,119.64,6.1,
6/15/2022,15.33,94.67,371.85,91.18,11.89,23.03,6.36,39.47,6.37,93.05,72.02,85.95,6.39,28.61,46.65,169.17,68.12,22.5,,122.36,6.18,
6/16/2022,14.71,92.23,359.23,88.31,11.37,22.69,6.17,38.96,6.14,89.98,72.02,83.73,6.12,27.63,44.38,169.52,65.39,22.58,,119.14,5.85,
6/17/2022,14.86,92.38,360.26,88.51,11.73,22.84,6.15,38.61,6.38,90.34,72.02,85.16,6.27,27.84,44.63,170.22,65.52,22.67,,120.52,6.05,
6/20/2022,14.92,93.32,361.9,88.95,11.77,23.28,6.13,38.4,6.36,91.32,72.02,87.4,6.33,27.79,44.88,168.73,65.95,22.54,,120.12,6.1,
6/21/2022,15.18,93.61,366.32,89.95,12.02,23.14,6.26,38.71,6.43,91.69,72.02,88.53,6.4,28.08,45.31,168.42,66.33,22.57,,121.72,6.17,
6/22/2022,15.17,92.96,367.07,89.61,11.63,22.86,6.14,38.54,6.51,90.54,72.02,88.32,6.3,27.55,44.97,167.96,66.26,22.67,,118.94,6,
6/23/2022,15.22,92.1,368.31,89.66,11.41,22.75,6.22,38.79,6.64,90.05,72.02,84.39,6.4,27.66,45.19,168.81,66.52,22.82,,119.54,6.07,
6/24/2022,15.62,94.74,377.91,91.84,11.63,23.15,6.29,39.33,6.82,92,72.02,85.9,6.55,28.12,46.63,167.71,68.43,22.81,,122.88,6.32,
6/27/2022,15.74,95.05,379.25,92.11,11.88,23.17,6.25,39.1,6.89,91.23,72.02,85.72,6.59,28.16,47.06,165.92,68.89,22.72,,122.76,6.49,
6/28/2022,15.52,95.29,377.84,92.11,12,23.36,6.25,39.53,6.85,91.8,72.02,85.92,6.65,28.29,46.94,167.06,68.88,22.65,,123.8,6.56,
6/29/2022,15.43,94.84,374.95,91.47,12,23.08,6.29,39.34,6.8,90.63,72.02,84.78,6.58,28.15,45.94,167.7,67.86,22.78,,121.52,6.45,
6/30/2022,15.22,93.31,371.19,90.45,11.78,22.82,6.27,39.1,6.76,88.47,72.02,81.67,6.57,27.88,45.6,167.08,67.45,22.9,,119.04,6.39,
7/1/2022,15.18,93.41,373.7,90.97,11.79,23.08,6.32,39.4,6.89,88.56,72.02,81.61,6.66,27.91,46.15,167.62,68.04,23.08,,118.64,6.47,
7/4/2022,15.2,93.73,375.67,91.33,11.67,23,6.33,39.44,6.92,88.78,72.02,81.09,6.67,27.83,46.28,167.49,68.36,23.01,,119.76,6.49,
7/5/2022,15.37,91.83,376.31,91.05,11.23,22.49,6.38,39.56,7.03,85.91,72.02,78.46,6.63,27.8,46.48,166.53,68.27,23.14,,118.12,6.34,
7/6/2022,15.84,93.41,385.55,92.87,11.3,22.43,6.57,40.15,7.26,86.88,72.02,77.62,6.66,28.04,47.29,165.29,69.7,23.09,,119.42,6.33,
7/7/2022,16.24,95.19,393.12,94.82,11.68,22.92,6.65,40.81,7.43,89.41,72.02,80.08,6.86,28.87,48.78,165.66,71.08,22.99,,120.76,6.56,
7/8/2022,16.37,95.56,395,95.2,11.92,22.9,6.61,40.99,7.47,90.34,72.02,81.41,6.82,28.81,48.94,165.65,71.19,22.91,,120.1,6.49,
7/11/2022,16.29,95.25,393.66,94.65,11.64,22.87,6.63,40.97,7.4,89.54,72.02,79.7,6.57,28.34,48.41,166.57,70.96,22.99,,120.76,6.18,
7/12/2022,16.28,95.6,394.08,94.76,11.31,22.69,6.63,41.05,7.32,89.09,72.02,78.6,6.56,28.31,48.4,166.4,71.41,23.1,,120,6.22,
7/13/2022,15.96,94.65,387.13,93.43,11.17,22.49,6.54,40.5,7.3,88.46,72.02,77.35,6.52,28.14,47.79,166.66,70.05,23.08,,119.94,6.21,
7/14/2022,15.98,93.16,384.62,92.59,10.97,22.05,6.55,40.26,7.22,85.46,72.02,74.68,6.44,27.92,47.26,164.65,69.36,23.03,,117.62,6.1,
7/15/2022,16.4,94.92,393,94.13,11.07,22.47,6.64,40.54,7.29,86.96,72.02,75.54,6.32,27.96,48.22,163.41,70.79,23.14,,119,5.98,
7/18/2022,16.47,95.81,393.44,94.64,11.38,22.5,6.61,40.66,7.3,87.95,72.02,77.2,6.45,28.26,48.93,162.69,70.92,23,,122.06,6.19,
7/19/2022,16.41,97.13,392.5,94.62,11.55,22.93,6.67,40.58,7.28,90.32,72.02,80.35,6.39,28.2,49.09,161.93,71.11,22.94,,124.28,6.11,
7/20/2022,16.88,96.89,399.55,95.85,11.61,22.68,6.7,41.01,7.4,88.86,72.02,79.73,6.41,28.32,50.09,161.71,72.3,22.99,,124.62,6.13,
7/21/2022,16.94,97.41,400.19,96.06,11.54,22.64,6.79,41.28,7.48,88.14,72.02,79.73,6.4,28.45,50.09,162.29,72.37,23.07,,124.44,6.21,
7/22/2022,16.86,97.56,399.4,95.93,11.73,22.7,6.79,41.61,7.37,88.53,72.02,78.2,6.31,28.38,49.96,163.68,72.5,23.26,,124.28,6.12,
7/25/2022,16.74,97.77,399.48,95.97,11.74,22.88,6.75,41.56,7.3,89.1,72.02,79.45,6.3,28.37,49.94,162.48,72.54,23.23,,125.54,6.1,
7/26/2022,16.64,97.71,398.64,95.86,11.39,22.83,6.74,41.69,7.34,88.33,72.02,78.89,6.35,28.45,49.99,163.99,72.59,23.35,,124.64,6.09,
7/27/2022,17.07,98.18,403.19,96.78,11.36,23,6.82,41.84,7.41,89.54,72.02,79.73,6.34,28.6,50.45,164.02,73.04,23.34,,125.84,6.13,
7/28/2022,17.38,99.25,409.28,97.97,11.53,22.9,6.97,42.38,7.48,91.28,72.02,80.12,6.27,28.78,51.28,167.01,74.23,23.5,,125.3,6.06,
7/29/2022,17.52,100.54,413.1,98.69,12,23.11,7.05,42.5,7.41,93.35,72.02,81.65,6.09,28.6,51.45,167.29,74.74,23.52,,128.9,5.81,
8/1/2022,17.65,100.32,413.76,98.78,12.13,22.9,7.13,43.09,7.4,93.68,72.02,81.16,5.97,28.45,51.34,166.56,74.64,23.61,,128.5,5.64,
8/2/2022,17.57,100.04,414.23,98.88,11.98,22.91,7.22,42.96,7.45,93.32,72.02,81.45,5.99,28.51,51.9,168.62,74.95,23.56,,127.92,5.71,
8/3/2022,17.99,100.54,419.67,99.82,11.95,23.08,7.22,42.53,7.58,94.08,72.02,82.93,6.05,28.69,52.54,167.68,75.5,23.44,,129.02,5.8,
8/4/2022,17.93,100.72,417.22,99.42,11.73,23.1,7.16,42.3,7.55,94.35,72.02,83.44,6.1,28.72,52.2,168.9,75.09,23.53,,131.14,5.9,
8/5/2022,17.95,99.94,416.79,99.36,11.59,23.11,7.15,42.13,7.62,94.08,72.02,84.47,6.08,28.9,52.54,168.97,75.08,23.34,,130.52,5.86,
8/8/2022,17.96,100.7,419.35,100.02,11.89,23.41,7.19,42.39,7.79,94.64,72.02,84.83,6.05,28.97,53.52,169.14,75.81,23.42,,130.84,5.83,
8/9/2022,17.71,99.99,415.24,98.99,11.81,23.53,7.15,41.78,7.63,93.76,72.02,84.7,6,28.81,52.53,169.44,74.95,23.4,,130.3,5.74,
8/10/2022,17.9,100.84,417.8,99.75,11.97,23.61,7.19,42.35,7.64,94.63,72.02,85.47,5.91,28.78,53.19,168,75.59,23.43,,130.26,5.63,
8/11/2022,18.03,101.06,421.08,100.46,12.18,23.7,7.15,42.53,7.77,95.22,72.02,85.77,6.06,29.11,53.92,167.33,76.34,23.39,,130.54,5.82,
8/12/2022,18.28,101.34,426,101.3,12.27,23.83,7.23,43.01,7.75,95.73,72.02,86.97,6.06,29.34,54.87,169.25,77.31,23.32,,131.6,5.78,
8/15/2022,18.54,101.64,431.48,102.36,12.26,23.85,7.31,43.56,7.83,95.82,72.02,86.5,6.09,29.53,55.25,168.54,78.08,23.42,,132.26,5.85,
8/16/2022,18.6,101.78,435.07,102.9,12.19,24.12,7.36,43.4,7.77,95.82,72.02,86.75,6.07,29.57,55.59,168.54,78.76,23.37,,132.12,5.76,
8/17/2022,18.42,100.74,431.64,102.02,11.72,23.88,7.4,43.16,7.64,94.72,72.02,85.68,6.05,29.45,54.75,167.62,77.91,23.24,,130.88,5.7,
8/18/2022,18.7,101.32,435.18,102.8,11.84,23.88,7.44,43.52,7.62,95.65,72.02,85.35,6.03,29.49,55.31,168.05,78.59,23.25,,131.32,5.66,
8/19/2022,18.49,100.54,433.23,102.12,11.56,23.6,7.4,43.01,7.55,93.85,72.02,83.03,6.03,29.3,54.63,168.28,78.21,23.09,,129.62,5.66,
8/22/2022,18.26,99.58,430.84,101.68,11.27,23.48,7.37,43.15,7.54,92.11,72.02,80.97,6.12,29.39,54.46,168.78,77.92,23,,128.94,5.72,
8/23/2022,18.08,99.1,426.53,101.02,11.48,23.36,7.4,43.16,7.44,93.1,72.02,81.46,6.09,29.4,54.16,169.39,77.19,22.99,,126.82,5.72,
8/24/2022,18.09,99.33,428.25,101.4,11.17,23.28,7.45,43.19,7.59,93.58,72.02,81.52,6.15,29.6,54.59,169.94,77.57,22.9,,126.32,5.72,
8/25/2022,18.19,99.59,429.76,101.92,11.25,23.25,7.39,43.31,7.6,93.62,72.02,80.99,6.3,29.89,54.96,170.31,78.01,22.92,,128.36,5.97,
8/26/2022,17.85,97.93,424,100.52,11.03,22.92,7.34,42.73,7.46,91.39,72.02,79.45,6.31,29.72,53.89,167.81,76.93,22.99,,128.1,5.95,
8/29/2022,17.32,97.04,415.3,98.94,10.93,22.72,7.3,42.06,7.27,90.99,72.02,79.61,6.26,29.44,53.06,168.3,75.59,22.83,,123.38,5.86,
8/30/2022,17.07,96.43,410.06,97.77,10.68,22.71,7.4,41.98,7.19,90.92,72.02,80.75,6.09,29.06,52.09,166.39,74.65,22.82,,124.46,5.64,
8/31/2022,16.97,95.41,407.73,97.23,10.59,22.43,7.36,41.71,7.17,89.94,72.02,80.96,6.15,29.1,51.68,165.21,74.06,22.79,,124.26,5.79,
9/1/2022,16.72,93.8,406.6,96.57,10.23,22.22,7.44,41.4,7.15,88.68,72.02,79.8,6.12,28.96,51.13,164.69,73.91,22.62,,120.96,5.76,
9/2/2022,17.04,95.67,412.16,97.78,10.5,22.57,7.45,41.24,7.25,91.34,72.02,82.07,6.08,28.92,51.62,165.23,74.89,22.68,,120.62,5.69,
9/5/2022,16.83,95.06,408.46,97.19,10.38,22.36,7.51,41.34,7.21,89.59,72.02,80.45,6.05,28.97,51.49,166.66,74.4,22.64,,120.74,5.65,
9/6/2022,16.84,95.25,408.64,96.91,10.1,22.32,7.49,40.66,7.16,89.45,72.02,80.93,5.99,28.73,51.03,166.16,74.35,22.55,,121.02,5.57,
9/7/2022,16.72,94.8,408.05,96.57,10.27,22.34,7.48,40.03,7.17,89.71,72.02,80.63,5.98,28.54,50.9,166.21,74.54,22.61,,121.16,5.53,
9/8/2022,17,95.27,414.46,97.82,10.3,22.53,7.57,40.73,7.4,90.29,72.02,83.14,5.95,28.6,51.97,165.77,75.87,22.58,,121.08,5.5,
9/9/2022,17.1,96.76,416.49,98.55,10.72,22.86,7.5,41.08,7.46,92.14,72.02,85.87,6.02,28.77,52.45,165.27,76.22,22.52,,124.2,5.56,
9/12/2022,17.21,98.32,418.17,99.14,10.95,23.28,7.58,40.98,7.45,94.18,72.02,88.8,6.02,28.97,52.6,165.2,76.44,22.62,,126.66,5.54,
9/13/2022,16.77,96.85,410.29,97.5,10.62,22.91,7.53,40.44,7.3,94.18,72.02,87.89,5.97,28.67,51.83,165.2,75.33,22.47,,125.42,5.48,
9/14/2022,16.65,95.97,406.61,96.84,10.66,22.86,7.59,40.72,7.26,94.18,72.02,88.36,5.91,28.63,51.46,165.2,74.35,22.46,,123.9,5.41,
9/15/2022,16.3,95.35,404.06,96.21,10.72,22.92,7.53,40.43,7.27,94.18,72.02,90.07,5.9,28.38,51.48,165.2,74.23,22.44,,123.22,5.42,
9/16/2022,15.97,93.81,396.22,94.49,10.39,22.64,7.38,40.2,7.11,94.18,72.02,88.43,5.76,27.92,50.19,165.2,72.62,22.41,,121.3,5.24,
9/19/2022,16.09,93.75,397.87,94.67,10.61,22.68,7.45,40.22,6.98,94.18,72.02,88.47,5.74,27.9,50.34,165.2,72.84,22.36,,122.32,5.23,
9/20/2022,16.23,92.76,398.26,94.65,10.45,22.37,7.48,40.1,7.04,94.18,72.02,87.6,5.79,28.03,50.3,165.2,72.5,22.25,,122.36,5.28,
9/21/2022,16.49,93.64,404.22,95.73,10.43,22.36,7.5,40.34,7.09,91.84,72.02,87.23,5.71,28.04,51.24,163.16,73.74,22.26,,120.72,5.16,
9/22/2022,16.01,91.87,394.4,93.79,10.49,22.08,7.41,40.5,6.84,91,72.02,88.07,5.66,27.8,49.4,164.4,71.56,22.16,,119.26,5.13,
9/23/2022,16,89.76,391.44,92.77,10.08,21.55,7.34,40.26,6.76,87.91,72.02,84.97,5.6,27.47,48.47,163.63,70.72,22.06,,116.48,5.04,
9/26/2022,16.17,89.5,393.96,93.08,9.88,21.36,7.27,40.13,6.84,88.68,72.02,84.22,5.72,27.43,48.93,164.25,71.16,21.9,,115.92,5.23,
9/27/2022,16.16,89.14,393,92.86,9.96,21.1,7.26,39.86,6.86,87.81,72.02,82.24,5.71,27.4,48.9,164.3,70.88,21.71,,114.84,5.2,
9/28/2022,16.01,89.54,394.11,93.13,9.89,21.08,7.28,40.02,7.09,87.14,72.02,80.71,5.65,27.23,49.49,165.79,71.38,21.88,,115.98,5.12,
9/29/2022,15.53,88.17,383.84,90.81,9.46,20.69,7.01,39.32,6.91,85.06,72.02,78.85,5.44,26.41,47.9,163.87,69.55,21.81,,114.84,4.87,
9/30/2022,15.62,89.19,385.46,91.33,9.44,20.88,7.17,39.38,7.06,86.11,72.02,80.35,5.47,26.55,48.9,165.04,69.87,21.91,,114.98,4.88,
10/3/2022,15.5,89.81,383.7,91.29,9.53,21.16,7.09,39.59,6.97,87.32,72.02,81.28,5.43,26.66,48.72,166.07,70.04,21.99,,114.24,4.84,
10/4/2022,15.91,92.76,391.27,93.26,9.99,21.84,7.16,40.01,7.1,90.29,72.02,84.94,5.6,27.15,49.88,167.23,71.43,22.12,,118,5.07,
10/5/2022,15.92,91.9,391.23,93.07,9.75,21.55,7.18,40.03,7.08,89.01,72.02,83.09,5.63,27.21,49.63,167.48,71.53,21.96,,119.9,5.04,
10/6/2022,16.22,91.28,395.96,93.72,9.64,21.33,7.18,40.23,7.18,88.4,72.02,82.2,5.65,27.39,50.27,168.43,72.2,21.87,,121.24,5.08,
10/7/2022,15.63,90.14,387.17,92.03,9.56,21.16,7.09,39.96,7.06,87.35,72.02,81.71,5.52,27.06,49.19,167.95,70.66,21.77,,119.2,4.91,
10/10/2022,15.39,89.77,384.56,91.47,9.44,21.09,7.21,39.86,6.93,87.46,72.02,81.71,5.36,26.8,49.13,166.46,70.56,21.67,,116.48,4.74,
10/11/2022,15.22,89.34,382.58,90.86,9.46,20.92,7.1,39.72,6.91,86.52,72.02,80.89,5.26,26.44,49.06,166.24,70.24,21.7,,115.52,4.6,
10/12/2022,15.16,88.72,381.93,90.5,9.44,20.63,7.11,39.38,6.87,85.6,72.02,80.36,5.23,26.32,48.65,166.2,69.96,21.6,,115.88,4.56,
10/13/2022,15.24,89.76,382.09,90.66,9.48,20.92,7.08,39.06,6.92,86.64,72.02,82.76,5.15,26.15,49.19,164.18,70.02,21.65,,116.72,4.45,
10/14/2022,15.23,89.93,383.56,90.69,9.59,21.03,7.08,39.01,6.97,87.41,72.02,83.4,5.17,26.15,49.17,163.32,70.12,21.51,,118.58,4.45,
10/17/2022,15.36,91.68,386.39,91.69,9.75,21.51,7.18,38.96,7.07,89.02,72.02,84.96,5.26,26.48,49.69,163.61,70.59,21.62,,120.24,4.58,
10/18/2022,15.38,91.92,387.72,91.72,9.82,21.66,7.14,38.63,7.12,89.96,72.02,86.16,5.19,26.27,49.94,162.1,70.88,21.55,,120.52,4.54,
10/19/2022,15.54,91.44,390.08,91.9,9.63,21.59,7.13,38.72,6.97,89.67,72.02,86.22,5.07,26.11,49.74,161.24,71.13,21.51,,120.9,4.39,
10/20/2022,15.74,91.79,390.49,92.26,9.93,21.8,7.25,38.85,6.96,90.45,72.02,87.38,5.09,26.41,49.85,161.44,70.94,21.46,,120.6,4.45,
10/21/2022,15.65,91.27,389.05,91.88,9.85,21.55,7.29,38.85,6.92,89.94,72.02,87.2,5.05,26.32,49.17,161.99,70.6,21.34,,120.54,4.35,
10/24/2022,15.89,92.52,394.19,92.36,9.98,21.92,7.25,38.62,6.92,91.84,72.02,88.86,4.54,25.4,49.57,161.3,71.57,21.42,,121.7,3.83,
10/25/2022,16.13,93.82,397.85,93.24,10.09,22.23,7.21,39.15,7.07,92.94,72.02,89.51,4.61,25.43,50.62,160.5,72.26,21.64,,124.68,3.96,
10/26/2022,15.99,94.37,397.66,93.44,10.4,22.42,7.24,39.18,7.26,93.5,72.02,89.23,4.75,25.69,51.19,160.39,72.79,21.7,,124.28,4.18,
10/27/2022,15.75,94.46,395.96,93.26,10.56,22.56,7.24,39.21,7.16,94.34,72.02,90.02,4.73,25.76,51.43,160.75,73.2,21.89,,124.56,4.16,
10/28/2022,16.3,94.47,400.75,93.75,10.64,22.54,7.29,39.17,7.18,94,72.02,89.63,4.52,25.4,51.47,159.47,73.7,21.81,,124.32,3.9,
10/31/2022,16.36,94.82,404.46,94.54,10.78,22.7,7.34,39.41,7.28,94.62,72.02,89.89,4.52,25.62,52.55,160.15,74.62,21.73,,125.88,4.01,
11/1/2022,16.15,95.32,403.12,94.78,10.92,22.81,7.42,39.71,7.35,95.05,72.02,90.51,4.73,26.17,52.84,161.09,74.96,21.72,,128.04,4.24,
11/2/2022,16,95.12,400.29,94.27,11.07,22.74,7.36,39.97,7.32,95.13,72.02,90.6,4.77,26.15,51.91,161.32,74.4,21.74,,126.92,4.24,
11/3/2022,15.48,94.21,395.31,93.48,11.03,22.44,7.45,39.96,7.24,94.74,72.02,91.55,4.84,26.37,51.43,161.15,73.77,21.61,,125.2,4.36,
11/4/2022,15.12,95.79,388.38,92.88,11.36,22.7,7.45,39.66,7.09,97.28,72.02,93.56,5.06,26.84,50.46,163.11,72.67,21.59,,128.76,4.55,
11/7/2022,15.31,96.23,390.94,93.32,11.5,22.76,7.43,39.77,7.14,98,72.02,94.08,5.08,26.78,50.83,162.22,73.02,21.53,,129.28,4.64,
11/8/2022,15.64,97.06,394.86,94.18,11.65,22.89,7.45,40.22,7.18,98.88,72.02,94.19,5.02,26.82,51.17,164.45,73.9,21.61,,129.7,4.56,
11/9/2022,15.28,96.68,390.1,93.1,11.65,22.97,7.39,39.9,7.13,99.36,72.02,93.24,4.88,26.64,50.01,164.74,73.05,21.68,,129.62,4.39,
11/10/2022,15.9,99.44,398,95.24,12.02,23.22,7.43,40.94,7.3,101.88,72.02,93.35,5.02,26.93,51.54,166.22,74.7,22.05,,132.76,4.59,
11/11/2022,15.98,99.51,395.77,94.98,12.19,23.16,7.31,41.07,7.31,102.08,72.02,93.63,5.17,27.1,51.23,164.8,74.34,21.96,,135.18,4.7,
11/14/2022,16.12,99.66,398.11,95.31,12.32,23.36,7.29,40.71,7.35,102.56,72.02,94.45,5.24,27.17,51.01,165.22,74.64,21.97,,135.66,4.76,
11/15/2022,16.37,99.95,399.72,96,12.59,23.41,7.3,41.1,7.42,102.98,72.02,95.32,5.49,27.73,51.66,164.76,74.61,22.01,,136.04,5.1,
11/16/2022,15.96,98.97,394.25,94.6,12.37,23.17,7.13,40.6,7.23,102.58,72.02,94.78,5.34,27.08,50.4,165.09,73.51,22.12,,135.24,4.93,
11/17/2022,15.95,98.7,392.26,94.21,12.12,23,7.13,40.66,7.14,101.58,72.02,94.74,5.43,27.12,49.72,164.61,72.68,22.08,,134.68,5.07,
11/18/2022,16.04,99.76,395.26,94.83,12.07,23.23,7.13,40.88,7.21,103,72.02,96.13,5.32,27,50.39,163.88,73.58,22.1,,136.66,4.95,
11/21/2022,16.05,99.78,397.53,95.06,12,23.42,7.15,40.88,7.25,102.28,72.02,96.29,5.27,26.91,50.4,163.55,74.23,22.13,,136.56,4.86,
11/22/2022,16.1,100.42,399.69,95.61,12.23,23.83,7.18,41.42,7.2,103.38,72.02,97.15,5.21,26.94,50.54,163.73,74.79,22.15,,137.34,4.74,
11/23/2022,16.28,101.04,400.98,95.94,12.21,23.83,7.11,41.74,7.24,103.32,72.02,97.37,5.21,26.92,50.66,162.52,74.81,22.22,,137.34,4.76,
11/24/2022,16.29,101.52,400.68,96.17,12.48,24,7.16,42.08,7.27,103.92,72.02,98.03,5.21,27.11,50.63,163.14,74.71,22.33,,138.18,4.76,
11/25/2022,16.13,101.58,400.2,95.96,12.47,24.12,7.18,41.91,7.25,103.8,72.02,98.34,5.12,26.86,50.72,162.66,74.88,22.25,,137.98,4.59,
11/28/2022,15.93,100.92,397.11,95.38,12.32,23.85,7.2,41.89,7.18,102.82,72.02,96.9,5.19,26.9,50.13,162.27,74.21,22.27,,136.96,4.69,
11/29/2022,15.68,100.66,393.87,95.07,12.3,23.86,7.26,41.62,7.2,102.8,72.02,97.85,5.42,27.34,49.93,163.55,73.9,22.25,,137.32,4.92,
11/30/2022,15.82,101.46,396.38,95.87,12.3,23.99,7.34,41.48,7.23,103.44,72.02,97.96,5.65,28.01,50.06,164.26,74.25,22.2,,138.1,5.2,
12/1/2022,16.2,102.28,401,96.57,12.56,24.1,7.3,41.57,7.39,103.58,72.02,96.55,5.54,27.64,50.65,165.67,74.98,22.43,,139.52,5.08,
12/2/2022,16.04,102.2,398.72,96.18,12.32,24.02,7.24,41.29,7.34,103.38,72.02,96.69,5.67,27.74,50.53,164.93,74.59,22.43,,138.88,5.32,
12/5/2022,15.97,101.62,395.52,95.37,12.28,23.97,7.16,40.79,7.32,103.16,72.02,96.4,5.66,27.59,49.56,163.28,73.8,22.45,,138.02,5.36,
12/6/2022,15.66,101.12,389.1,94.26,12.21,23.9,7.1,40.5,7.22,102.32,72.02,96.2,5.75,27.48,48.85,163.07,72.76,22.49,,137.52,5.48,
12/7/2022,15.44,100.46,387.21,93.7,12.25,23.78,7.11,40.59,7.05,101.98,72.02,95.68,5.62,27.21,48.72,163.87,72.67,22.56,,136.88,5.34,
12/8/2022,15.63,100.32,387.86,93.9,12.23,23.61,7.09,40.55,7.1,101.8,72.02,95.28,5.77,27.4,48.63,163.76,72.64,22.55,,136.58,5.58,
12/9/2022,15.75,101.22,389.25,94.4,12.27,23.77,7.01,41.04,7.13,102.1,72.02,96.18,5.84,27.51,48.47,165.19,72.69,22.47,,137.04,5.63,
12/12/2022,15.71,100.7,387.8,93.85,12.43,23.73,6.99,40.68,7.09,102.34,72.02,95.74,5.66,27.06,48.47,163.61,72.62,22.43,,137.36,5.38,
12/13/2022,16.15,101.98,393.84,95.1,12.65,23.94,7.01,41.24,7.21,103.48,72.02,97.23,5.76,27.39,48.87,164.42,73.39,22.53,,138.62,5.57,
12/14/2022,16.05,101.98,392.72,94.89,12.68,23.99,7.01,41.24,7.15,103.24,72.02,96.65,5.75,27.2,48.81,164.25,73.36,22.51,,138.16,5.51,
12/15/2022,15.29,98.99,378.58,91.8,12.4,23.59,6.84,39.98,7.02,99.88,72.02,94.1,5.65,26.64,47.01,161.22,70.96,22.47,,134.04,5.35,
12/16/2022,15.07,97.83,375.33,91.25,12.39,23.28,6.87,40.14,6.99,99.39,72.02,95.63,5.69,26.83,46.65,163.03,70.27,22.4,,132.74,5.39,
12/19/2022,14.84,98.08,373.04,90.9,12.37,23.39,6.92,40.03,6.9,99.61,72.02,95.65,5.61,26.75,46.4,162.84,70.09,22.23,,133.06,5.3,
12/20/2022,14.78,97.74,371.2,90.6,12.55,23.53,6.9,40.68,6.82,99.51,72.02,98.14,5.52,26.75,46.35,165.04,69.62,22.05,,132.86,5.19,
12/21/2022,15.14,99.38,378.62,92.1,12.8,23.89,6.85,40.53,6.99,101.16,72.02,99.53,5.59,26.9,47.41,165.5,70.94,22.17,,134.98,5.28,
12/22/2022,14.67,98.48,372.24,90.84,12.79,23.74,6.75,40.36,6.99,100.12,72.02,99.37,5.61,26.79,46.38,163.81,69.9,22.12,,133.34,5.33,
12/23/2022,14.66,98.54,373.06,91.01,12.8,23.76,6.65,40.31,6.89,100.36,72.02,99.51,5.57,26.68,46.52,163.98,70.2,22.13,,133.26,5.25,
12/26/2022,14.58,98.7,372.58,91.08,12.5,23.77,6.73,40.13,6.83,100.14,72.02,99.65,5.71,26.94,46.44,165.11,70.41,22.13,,133.26,5.25,
12/27/2022,14.58,98.7,372.58,91.08,12.5,23.77,6.73,40.13,6.83,100.14,72.02,99.65,5.71,26.94,46.44,165.11,70.41,22.01,,133.72,5.43,
12/28/2022,14.44,98.46,370.51,90.56,12.53,23.73,6.78,40.01,6.77,99.84,72.02,99.34,5.62,26.77,45.98,163.88,70.07,21.96,,133.82,5.33,
12/29/2022,14.67,99.21,373.22,91.27,12.86,23.9,6.81,40.31,6.9,101.04,72.02,99.69,5.72,27.04,46.6,164.2,70.45,21.98,,134.44,5.41,
12/30/2022,14.51,98.32,370.73,90.61,12.76,23.72,6.77,40.1,6.86,99.55,72.02,99.25,5.65,26.82,46.24,164.17,70.02,21.92,,133.1,5.3,
1/2/2023,14.97,99.51,379.36,92.27,12.78,24.12,6.8,40.7,6.91,101.42,72.02,100.84,5.7,26.87,47.5,165.47,71.48,21.89,,134.72,5.37,
1/3/2023,14.62,99.98,373.63,91.65,13,24.16,6.82,40.76,7.01,102.7,72.02,102.92,5.89,27.24,46.74,167.59,70.7,21.98,,135.76,5.59,
1/4/2023,14.71,101.5,377.11,92.53,13.32,24.58,6.78,40.22,6.91,104.4,72.02,106.22,6.11,27.66,47.31,169.11,71.73,22.14,,137.82,5.87,
1/5/2023,14.59,101.28,374.61,92.16,13.19,24.71,6.8,39.72,6.96,104.28,72.02,106.24,6.21,27.84,46.9,168.01,71.33,22.07,,138.42,5.93,
1/6/2023,14.62,102.52,377.57,92.96,13.36,25.02,6.77,40.13,7.01,105.72,72.02,107.36,6.21,28.09,47.57,169.5,72.18,22.2,,140.64,5.83,
1/9/2023,15.01,103.26,380.01,93.58,13.55,25.07,6.79,40.28,6.98,106.86,72.02,107.26,6.22,28.28,47.61,168.69,72.46,22.31,,141.48,5.87,
1/10/2023,14.73,102.72,375.29,92.61,13.72,25.05,6.74,39.76,6.88,106.6,72.02,107.18,6.21,28.17,47.42,168.78,71.72,22.23,,142.04,5.85,
1/11/2023,14.94,103.18,379.07,93.39,13.54,25.01,6.72,40.01,6.98,107.32,72.02,106.94,6.27,28.29,48.13,168.03,72.57,22.32,,143.18,5.86,
1/12/2023,15.02,103.74,379.64,93.66,13.66,25.36,6.71,40.49,7.02,108.16,72.02,108.12,6.18,28.29,48.42,169.06,72.56,22.4,,144.86,5.72,
1/13/2023,15.03,104.34,380.16,94,13.64,25.51,6.72,40.89,7.01,108.3,72.02,108.64,6.26,28.44,48.98,170.85,72.65,22.46,,145.76,5.79,
1/16/2023,15.13,104.78,382.26,94.34,13.72,25.42,6.66,40.76,7.12,108.8,72.02,108.42,6.23,28.33,49.21,170.97,72.93,22.43,,145.3,5.7,
1/17/2023,15.24,105.2,382.84,94.63,13.46,25.5,6.76,41.35,7.07,109.02,72.02,108.12,6.22,28.44,49.17,171.07,73,22.48,,146,5.71,
1/18/2023,15.15,105.36,379.01,94.07,13.46,25.66,6.76,41.45,7.15,109.42,72.02,108.38,6.19,28.31,48.91,170.46,72.39,22.59,,146.34,5.67,
1/19/2023,14.87,103.8,372.97,92.93,13.25,25.28,6.76,41.28,7.04,107.56,72.02,106.92,6.26,28.42,47.72,171.83,70.95,22.6,,143.66,5.68,
1/20/2023,15.03,104.16,375.79,93.61,13.44,25.62,6.74,41.44,6.99,108.18,72.02,108.2,6.35,28.65,48.19,171.59,71.48,22.5,,143.66,5.8,
1/23/2023,15.58,104.72,383.34,94.93,13.65,25.72,6.72,41.46,7.07,108.9,72.02,109.02,6.44,28.99,48.94,170.92,72.73,22.47,,145.4,5.9,
1/24/2023,15.54,104.58,381.99,94.71,13.54,25.8,6.67,41.72,7.08,109.16,72.02,110.02,6.42,28.87,49.03,171.85,72.63,22.5,,145.34,5.88,
1/25/2023,15.29,104.26,377.91,94.03,13.32,25.77,6.58,41.89,6.98,109.1,72.02,109.76,6.41,28.74,48.51,171.56,71.92,22.49,,144.32,5.86,
1/26/2023,15.58,104.66,383.77,95.17,13.44,25.97,6.61,41.92,7.07,110.48,72.02,112.06,6.52,29.14,48.99,171.25,72.92,22.48,,145.82,6.03,
1/27/2023,15.81,105,387.76,95.85,13.64,25.91,6.45,42.18,7.05,111.54,72.02,112.7,6.54,29.09,49.44,171.85,73.46,22.43,,145.94,6.05,
1/30/2023,15.63,104.74,385.49,95.32,13.32,25.84,6.44,42.09,7,111.1,72.02,112.72,6.34,28.69,49.35,171.06,73.3,22.39,,145.06,5.84,
1/31/2023,15.64,104.5,385.49,95.14,13.38,25.79,6.42,41.97,6.99,112.12,72.02,114.74,6.27,28.5,49.84,171.48,73.33,22.4,,146.28,5.78,
2/1/2023,15.68,104.36,385.56,95.09,13.21,25.98,6.33,41.75,7.05,112.58,72.02,115.94,6.3,28.54,49.81,170.65,73.42,22.44,,146.04,5.89,
2/2/2023,16.42,105.84,396.67,97.13,13.46,26.41,6.27,42.07,7.11,114.28,72.02,115.34,6.25,28.65,51.73,169.74,75.45,22.67,,147.66,5.86,
2/3/2023,16.71,106.22,399.53,97.5,13.39,26.4,6.34,41.92,7.14,113.66,72.02,115.26,6.2,28.52,52.27,166.28,75.45,22.52,,148.74,5.83,
2/6/2023,16.55,105.44,397.87,96.94,12.98,26.18,6.35,41.71,7.12,113.52,72.02,114.62,6.11,28.19,51.73,168.22,75.25,22.43,,146.9,5.69,
2/7/2023,16.64,105.64,398.67,97.15,13.05,26.08,6.35,42.09,7.11,114.24,72.02,115.88,6.14,28.29,51.42,169.6,75.11,22.38,,148.16,5.7,
2/8/2023,16.67,105.9,397.76,97.02,13.12,26.24,6.4,41.95,7.18,114.68,72.02,116.72,6.07,28.21,51.24,168.85,75.08,22.33,,148.08,5.57,
2/9/2023,16.72,106.52,397.58,97.22,13.15,26.28,6.41,42.22,7.1,115.88,72.02,118.24,6.2,28.45,50.94,168.3,74.97,22.39,,148.8,5.75,
2/10/2023,16.47,105.58,395.84,96.77,12.81,26.01,6.43,42.37,7.02,114.98,72.02,116.64,6.11,28.3,50.6,168.16,74.72,22.25,,146.82,5.58,
2/13/2023,16.72,106.54,398.7,97.34,12.83,26.28,6.36,42.02,7.04,115.7,72.02,117.26,6.16,28.36,50.84,167.1,75.11,22.23,,148.1,5.63,
2/14/2023,16.63,106.56,396.58,96.96,12.85,26.44,6.36,41.89,7.05,116.14,72.02,117.88,6.08,28.22,50.62,166.55,74.76,22.18,,148.9,5.53,
2/15/2023,16.84,107.16,400.67,97.6,13.02,26.62,6.46,41.71,7.05,116.1,72.02,117.54,6.07,28.09,51.4,165.92,75.59,22.13,,149.54,5.52,
2/16/2023,16.82,107.28,399.8,97.55,12.94,26.88,6.48,41.72,7.05,117.52,72.02,120.66,6.09,28.26,51.63,166.16,75.42,22.12,,149.94,5.61,
2/17/2023,16.41,107.12,393.93,96.42,12.9,26.91,6.45,41.6,7.01,117.06,72.02,120.32,5.95,27.93,51.2,166.32,74.57,22.09,,149.9,5.41,
2/20/2023,16.43,107.22,394.63,96.65,12.91,26.71,6.44,41.72,7.07,116.48,72.02,119.6,6.09,28.2,51.18,166.66,74.48,22.08,,149.4,5.55,
2/21/2023,16.17,106.94,390.27,95.68,12.68,26.66,6.4,41.38,7.04,115.66,72.02,119.52,5.92,27.77,50.3,166.23,73.68,22,,148.82,5.31,
2/22/2023,16.12,106.62,390.17,95.6,12.52,26.46,6.34,41.25,6.93,114.32,72.02,116.82,5.88,27.66,50.38,166.77,73.77,21.98,,148.44,5.28,
2/23/2023,16.27,106.76,390.16,95.62,12.78,26.65,6.35,41.43,6.94,115.14,72.02,118.36,5.88,27.8,50.44,166.09,73.63,22.02,,149.04,5.28,
2/24/2023,16.17,105.54,388.87,94.93,12.66,26.49,6.31,41.18,6.86,114.08,72.02,117.3,5.73,27.33,50.38,165.96,73.49,21.97,,146.74,5.12,
2/27/2023,16.25,106.84,390.4,95.52,12.73,26.86,6.31,41.44,6.88,115.8,72.02,120.04,5.79,27.41,50.71,165.42,73.85,21.95,,149.1,5.16,
2/28/2023,16.23,106.32,389.13,95.12,12.98,27.07,6.26,41.32,6.86,115.94,72.02,122.28,5.74,27.28,50.82,166.31,73.59,21.92,,149.04,5.12,
3/1/2023,15.97,105.64,384.13,94.39,13.13,26.85,6.28,41.14,6.84,115.1,72.02,119.98,5.89,27.59,50.06,166.19,72.57,21.87,,148.6,5.29,
3/2/2023,16.04,106.2,385.68,94.84,12.85,26.89,6.33,41.24,6.86,115.56,72.02,119.56,5.99,27.82,50.29,167.39,72.97,21.82,,148.44,5.41,
3/3/2023,16.45,107.2,392.95,96.33,12.99,27.3,6.45,42.04,6.92,117.4,72.02,121.88,6.03,28.03,50.98,168.13,74.24,21.87,,150.08,5.48,
3/6/2023,16.76,107.2,395.47,96.62,13.29,27.38,6.45,42.03,7.02,117.74,72.02,123.22,5.96,27.99,50.69,167.39,74.31,21.91,,150.8,5.39,
3/7/2023,16.61,106.32,393.07,96.07,13.1,27.12,6.47,42.23,6.94,117.06,72.02,121.36,5.87,27.79,50.36,166.07,73.78,21.87,,149.56,5.26,
3/8/2023,16.62,106.4,391.48,95.93,13.13,27.28,6.51,42.57,6.91,117.68,72.02,121.94,5.81,27.82,50.22,166.41,73.53,21.91,,150.12,5.18,
3/9/2023,16.8,106.26,391.91,95.78,12.95,27.17,6.44,42.81,6.82,116.92,72.02,120.1,5.65,27.45,49.74,166.94,73.26,21.92,,150.06,4.99,
3/10/2023,16.31,104.88,382.76,93.86,12.78,26.68,6.35,42.12,6.71,115.04,72.02,115.44,5.6,27.12,48.08,168.1,71.25,22.08,,146.34,4.94,
3/13/2023,16.08,102.22,374.48,91.83,12.34,25.76,6.18,41.18,6.63,110.64,72.02,107.36,5.58,26.73,46.14,171.39,68.86,22.39,,144,4.93,
3/14/2023,16.38,103.9,380.03,92.99,12.34,26.36,6.19,40.88,6.65,112.84,72.02,110.78,5.61,26.75,47.22,171.62,69.86,22.24,,146.02,4.97,
3/15/2023,16.44,100.76,379.28,92.15,11.89,25.25,6.13,40.72,6.73,107.66,72.02,101.28,5.57,26.52,46.22,177.1,68.92,22.48,,142.84,4.88,
3/16/2023,16.83,102.08,384.43,93.39,11.94,25.58,6.21,41.17,6.79,109.24,72.02,102.66,5.61,26.82,46.83,174.61,69.56,22.37,,143.92,4.97,
3/17/2023,16.89,100.84,381.82,92.65,11.73,25.07,6.14,40.99,6.78,107.52,72.02,99.86,5.57,26.65,45.98,177.17,68.67,22.48,,142.14,5.03,
3/20/2023,16.76,101.96,380.86,92.65,11.76,25.41,6.14,41.19,6.63,109.3,72.02,101.82,5.54,26.57,45.99,178.02,68.85,22.43,,144.66,5.01,
3/21/2023,16.79,103.32,383.82,93.33,12.11,26.05,6.11,41.1,6.7,112.12,72.02,106.8,5.57,26.61,46.63,174.17,69.38,22.31,,146.68,5.07,
3/22/2023,16.98,103.4,384.55,93.52,12.02,25.97,6.13,41.08,6.69,112.06,72.02,106.02,5.62,26.84,46.24,174.37,69.15,22.29,,145.56,5.1,
3/23/2023,17.02,103.24,380.18,92.99,12,25.82,6.11,41.24,6.6,111.9,72.02,103.4,5.74,27.09,45.24,176.72,67.97,22.46,,147.04,5.29,
3/24/2023,16.95,101.96,380.35,92.75,11.73,25.3,6.11,41.44,6.56,109.4,72.02,99.21,5.72,27.03,45.15,178.23,67.98,22.56,,146.42,5.34,
3/27/2023,16.98,103.08,383.35,93.36,11.82,25.64,6.11,41.56,6.67,110.74,72.02,100.84,5.62,26.85,45.81,175.21,68.77,22.45,,145.8,5.2,
3/28/2023,16.68,102.96,380.5,93.04,11.93,25.75,6.05,41.52,6.63,111.18,72.02,101.72,5.77,27.06,45.85,175.36,68.68,22.37,,145.88,5.38,
3/29/2023,17.02,104.34,383.99,93.92,12.01,26.12,6.08,41.68,6.67,112.82,72.02,103.76,5.81,27.25,45.97,175.32,69.3,22.4,,147.34,5.43,
3/30/2023,17.2,105.44,385.5,94.36,12.41,26.51,6.08,41.63,6.69,114.08,72.02,105.82,5.86,27.32,46.1,174.79,69.65,22.34,,149.72,5.48,
3/31/2023,17.35,106.18,390.24,95.34,12.35,26.59,6.18,42.17,6.65,114.5,72.02,105.66,5.84,27.44,46.91,175.91,70.45,22.38,,150.84,5.43,
4/3/2023,17.36,106.08,391.64,95.51,12.54,26.55,6.18,42.19,6.7,114.74,72.02,106.12,5.79,27.34,46.53,176.5,70.56,22.49,,151.48,5.41,
4/4/2023,17.33,106,388.89,95.01,12.46,26.61,6.18,42.06,6.75,114.14,72.02,106.3,5.72,27.18,45.65,177.9,69.6,22.55,,151.22,5.3,
4/5/2023,17.07,105.9,388.56,94.78,12.34,26.74,6.22,41.55,6.71,113.28,72.02,105.72,5.68,27.08,45.28,178.63,69.6,22.65,,150.6,5.25,
4/6/2023,17.08,106.52,388.69,94.88,12.32,27.02,6.25,41.35,6.75,114.78,72.02,108.36,5.74,27.17,45.33,177.77,69.5,22.62,,151.12,5.34,
4/7/2023,17.03,107.12,391.14,95.49,12.56,26.83,6.28,41.38,6.84,115.96,72.02,108.16,5.76,27.52,46.19,177.32,70.65,22.62,,151.12,5.34,
4/10/2023,17.03,107.12,391.14,95.49,12.56,26.83,6.28,41.38,6.84,115.96,72.02,108.16,5.76,27.52,46.19,177.32,70.65,22.62,,151.12,5.34,
4/11/2023,17.03,107.12,391.14,95.49,12.56,26.83,6.28,41.38,6.84,115.96,72.02,108.16,5.76,27.52,46.19,177.32,70.65,22.49,,152.12,5.34,
4/12/2023,16.91,107.28,388.69,95.06,12.82,26.97,6.27,41.36,6.84,116.62,72.02,108.84,5.58,27.21,45.94,176.7,70.16,22.48,,152.48,5.13,
4/13/2023,16.9,107.82,387.09,94.97,13.06,27.01,6.24,41.58,6.89,116.56,72.02,109.02,5.63,27.29,45.78,178.21,69.53,22.44,,152.7,5.15,
4/14/2023,17.03,108.44,390.66,95.49,13.07,27.14,6.25,41.58,6.9,117.6,72.02,112.74,5.61,27.27,45.88,175.68,70.03,22.38,,153.66,5.11,
4/17/2023,17.13,108.36,393.26,96.04,13.22,27.26,6.27,41.8,6.9,117.08,72.02,110.74,5.75,27.52,46.46,176.03,70.58,22.3,,153.74,5.28,
4/18/2023,17.22,108.8,393.34,96.19,13.52,27.38,6.23,41.94,6.96,117.74,72.02,113,5.74,27.49,46.26,177.06,70.58,22.31,,154.68,5.24,
4/19/2023,17.16,108.7,392.86,95.94,13.47,27.55,6.22,41.65,6.85,118.14,72.02,114.04,5.67,27.21,46.13,175.64,70.48,22.27,,154.5,5.14,
4/20/2023,17.11,108.58,391.35,95.7,13.64,27.47,6.22,41.84,6.89,116.74,72.02,112.82,5.65,27.21,46.08,176.36,70.32,22.33,,154.46,5.11,
4/21/2023,16.96,108.98,390.49,95.45,13.54,27.3,6.21,41.88,6.84,117.08,72.02,112.16,5.52,26.84,46.03,173.9,70.04,22.31,,154.34,4.94,
4/24/2023,16.78,109.08,388.88,95.07,13.62,27.33,6.21,41.76,6.9,117.66,72.02,112.92,5.43,26.63,45.85,173.44,69.89,22.38,,155.14,4.86,
4/25/2023,16.73,108.72,388.38,94.85,13.5,26.98,6.25,41.9,6.85,116.68,72.02,109.68,5.32,26.37,45.46,174.83,69.68,22.46,,154,4.71,
4/26/2023,16.79,107.86,383.77,93.97,13.53,26.95,6.25,41.45,6.7,115.8,72.02,109.52,5.38,26.39,44.72,174.51,68.44,22.48,,152.74,4.77,
4/27/2023,16.92,108.12,386.51,94.56,13.98,27.11,6.31,41.9,6.67,116.08,72.02,111,5.42,26.62,44.57,173.91,68.55,22.41,,154.46,4.82,
4/28/2023,17.11,108.84,390.89,95.33,13.81,27,6.37,41.51,6.74,115.82,72.02,108.9,5.45,26.81,45.37,174.1,69.76,22.5,,153.92,4.89,
5/1/2023,17.15,107.5,387.53,94.43,13.76,26.55,6.39,41.26,6.75,113.82,72.02,106.26,5.35,26.55,44.27,176.86,68.63,22.5,,153.92,4.89,
5/2/2023,17.15,107.5,387.53,94.43,13.76,26.55,6.39,41.26,6.75,113.82,72.02,106.26,5.35,26.55,44.27,176.86,68.63,22.5,,152.38,4.75,
5/3/2023,17.06,108,387.54,94.51,13.79,26.51,6.36,41.52,6.75,114.68,72.02,106.1,5.33,26.51,44.76,176.94,68.91,22.57,,152,4.75,
5/4/2023,16.96,107.5,383.57,94.03,13.48,26.32,6.41,41.81,6.83,114.04,72.02,104.32,5.43,26.72,43.97,179.91,67.95,22.59,,151.84,4.83,
5/5/2023,17.32,108.78,388.88,95.25,13.75,26.59,6.43,42.12,6.91,116.88,72.02,107.56,5.47,26.98,44.97,176.24,68.8,22.52,,153.86,4.86,
5/8/2023,17.31,109.26,389.79,95.53,13.84,26.7,6.46,42.18,6.86,117.22,72.02,108.64,5.49,27.05,44.93,177.71,68.88,22.47,,154.36,4.86,
5/9/2023,17.35,108.84,391.63,95.84,13.82,26.67,6.49,42.8,6.92,116.98,72.02,108.18,5.44,27.03,45.19,178.48,69.17,22.42,,153.5,4.77,
5/10/2023,17.49,108.44,391.29,95.7,14.01,26.64,6.51,42.5,6.93,116.62,72.02,107.32,5.42,27,45.31,178.09,68.96,22.5,,152.9,4.84,
5/11/2023,17.5,108.54,393.2,95.93,13.87,26.65,6.51,42.84,6.98,115.96,72.02,107.72,5.45,26.93,45.19,178.53,68.9,22.57,,152.44,4.91,
5/12/2023,17.52,109.04,394.03,96.21,14.04,26.83,6.53,43.26,6.95,116.98,72.02,108.7,5.39,26.85,45.31,178.81,69.16,22.53,,153.98,4.84,
5/15/2023,17.63,109.36,394.78,96.6,14.15,26.77,6.57,43.44,7.05,116.62,72.02,108.56,5.57,27.23,45.78,179.08,69.42,22.45,,153.4,5.03,
5/16/2023,17.79,108.88,394.81,96.42,14.29,26.84,6.54,43.5,6.99,116.48,72.02,108.34,5.54,27.22,45.41,177.89,69.05,22.37,,153.4,5.03,
5/17/2023,17.86,108.76,396.47,96.68,14.14,26.94,6.52,43.77,6.97,116.4,72.02,108.64,5.49,27.27,45.95,176.67,69.38,22.38,,153.84,4.97,
5/18/2023,18.43,109.48,403.56,97.89,13.99,26.99,6.5,43.95,7.03,116.62,72.02,110.12,5.46,27.36,46.77,175.23,70.42,22.28,,155.6,4.92,
5/19/2023,18.39,110.08,402.82,97.85,14.38,27.11,6.46,43.76,7.07,117.9,72.02,110.08,5.41,27.3,46.4,176.39,70.16,22.25,,156.92,4.86,
5/22/2023,18.46,110.08,404.37,98.3,14.72,27.18,6.54,44.1,7.18,118.22,72.02,111.24,5.5,27.57,46.9,176.26,70.51,22.24,,156.52,5,
5/23/2023,18.41,109.46,403.76,98.02,14.67,27.08,6.57,43.74,7.2,117.74,72.02,111.6,5.42,27.44,47.7,176.19,70.58,22.18,,155.86,4.9,
5/24/2023,18.07,107.5,397.93,96.59,14.28,26.69,6.58,43.29,7,114.88,72.02,108.96,5.28,27.15,46.5,176.83,69.29,22.2,,152.34,4.76,
5/25/2023,18.96,107.14,401.59,96.92,14.11,26.6,6.62,43.47,6.92,114.58,72.02,109.34,5.2,27.14,46.01,175.29,69.05,22.14,,152.46,4.68,
5/26/2023,19.47,108.42,407.5,98.37,14.44,26.83,6.74,43.69,6.97,115.76,72.02,110.14,5.29,27.59,46.62,175.2,69.84,22.08,,153.6,4.78,
5/29/2023,19.7,108.32,409.82,98.58,14.46,26.76,6.74,43.5,6.97,115.32,72.02,109.08,5.2,27.46,46.94,175.47,70.28,22.13,,154.7,4.69,
5/30/2023,19.86,107.36,408.38,98.04,14.12,26.69,6.72,43.31,6.91,115.2,72.02,108.02,5.13,27.28,46.56,176.57,69.77,22.18,,153.6,4.66,
5/31/2023,19.64,106.16,406.91,97.5,13.74,26.33,6.73,43.03,6.88,112.76,72.02,105.68,5.06,27.05,46.1,178.74,69.35,22.3,,152.72,4.59,
6/1/2023,19.61,107.12,407.62,98.08,14.2,26.75,6.75,43.78,6.97,112.76,72.02,108.04,5.21,27.39,46.67,178.74,69.55,22.39,,152.22,4.78,
6/2/2023,19.84,108.74,414.99,99.85,14.85,27.18,6.79,44.75,7.07,117.36,72.02,110.76,5.39,27.98,47.82,176.7,71.07,22.3,,154,4.95,
6/5/2023,19.92,108.2,417.21,100.08,14.91,27.07,6.78,44.78,7.09,116.18,72.02,109.64,5.34,27.93,47.85,176.49,71.31,22.29,,154.66,4.9,
6/6/2023,19.73,108.68,416.62,100.4,15.07,27.17,6.81,45.55,7.14,116.96,72.02,110.84,5.42,28.2,49.1,177.07,71.76,22.28,,153.42,5.01,
6/7/2023,19.66,108.44,416.36,100.18,14.98,27.19,6.84,44.69,7.1,117.1,72.02,110.98,5.42,28.25,50.08,176.18,72.18,22.22,,153.56,5.06,
6/8/2023,19.52,108.44,413.92,99.68,14.98,27.17,6.77,44.38,7.03,118.22,72.02,111.7,5.41,28.1,49.33,176.17,71.51,22.23,,153.64,5.01,
6/9/2023,19.7,108.24,416.47,100.24,15.24,27.14,6.77,45.17,7.05,117.68,72.02,110.88,5.44,28.35,49.21,176.27,71.77,22.25,,153.74,5.03,
6/12/2023,19.93,108.42,417.59,100.44,15.18,27.25,6.79,45.4,7.09,118.6,72.02,110.86,5.43,28.35,49.31,175.77,72.01,22.23,,154.32,5.05,
6/13/2023,20.17,109.08,421.53,101.38,14.92,27.29,6.82,46.07,7.14,119.5,72.02,111.28,5.47,28.56,49.83,174.01,72.73,22.23,,155.3,5.16,
6/14/2023,20.29,109.48,421.18,101.36,15.42,27.59,6.84,45.99,7.11,120.5,72.02,113,5.49,28.56,49.56,174.27,72.76,22.21,,156.36,5.22,
6/15/2023,20.33,109.26,419.96,101.02,15.53,27.51,6.78,45.28,7.01,120.2,72.02,112,5.55,28.53,48.69,172.84,72.12,22.24,,155.36,5.31,
6/16/2023,20.38,109.9,421.86,101.4,15.58,27.72,6.83,45.26,7.04,120.78,72.02,112.72,5.56,28.55,48.51,173.15,72.45,22.21,,157.36,5.28,
6/19/2023,20.22,108.76,419.71,100.82,15.46,27.55,6.8,44.79,6.97,120.3,72.02,113.08,5.54,28.44,48.53,172.55,72.41,22.19,,155.88,5.27,
6/20/2023,20.15,108.16,418.17,100.26,15.35,27.57,6.81,44.58,6.94,119.72,72.02,112.8,5.36,28.11,48.31,171.29,71.86,22.3,,155.2,5.04,
6/21/2023,19.82,107.6,415.69,99.71,15.51,27.55,6.78,44.81,6.88,119.82,72.02,113.68,5.28,27.84,48.12,170.27,71.64,22.26,,154.82,4.98,
6/22/2023,19.93,107.1,415.27,99.45,15.46,27.33,6.76,44.55,6.89,118.96,72.02,111.66,5.27,27.74,47.81,168.62,71.12,22.23,,153.82,4.94,
6/23/2023,19.88,106.68,416.14,99.25,15.07,27.06,6.74,43.72,6.87,118.02,72.02,109.48,5.18,27.5,47.6,170.5,71.22,22.28,,153.2,4.84,
6/26/2023,19.84,106.62,414.68,99.06,15.37,27.09,6.75,43.62,6.82,118.16,72.02,110.26,5.2,27.59,47.47,170.55,71.19,22.33,,152.94,4.89,
6/27/2023,19.76,106.66,414.14,99.02,15.15,27.42,6.79,43.47,6.7,118.88,72.02,111.74,5.28,27.69,47.65,168.81,71.56,22.28,,153.74,4.99,
6/28/2023,20.1,107.46,418.2,99.82,15.06,27.71,6.87,44.25,6.74,119.92,72.02,112.44,5.25,27.63,48.15,169.19,72.01,22.3,,155.34,4.97,
6/29/2023,20.16,107.56,420.26,100.16,15.33,27.83,6.89,44.08,6.82,121.16,72.02,114.12,5.21,27.6,48.96,169.45,72.59,22.2,,156.04,4.93,
6/30/2023,20.4,108.82,423.88,100.98,15.27,28.09,6.93,44.24,6.84,122.72,72.02,115.58,5.25,27.8,49.1,169.64,73.06,22.26,,157.56,4.97,
7/3/2023,20.32,108.62,425.12,101.3,15.6,28.27,6.94,44.44,6.8,123.52,72.02,117.04,5.33,28.1,49.22,170.5,73.5,22.22,,157.58,5.07,
7/4/2023,20.42,108.7,425.94,101.46,15.4,28.18,6.98,44.17,6.83,123.28,72.02,115.86,5.38,28.29,49.26,170.75,73.58,22.22,,157.22,5.14,
7/5/2023,20.37,107.86,426.5,101.32,14.91,27.84,6.99,44.23,6.82,122.46,72.02,115.18,5.3,28.07,49.1,170.81,73.57,22.15,,155.68,5.05,
7/6/2023,20.16,105.34,420.98,99.61,14.79,27.27,6.94,43.48,6.72,119.24,72.02,112.34,5.18,27.43,47.71,169.6,72.37,22,,151.02,4.93,
7/7/2023,20.18,105.48,420.15,99.65,15.05,27.31,6.92,43.93,6.7,120.34,72.02,113.52,5.24,27.62,48.51,170.16,72.73,22.01,,151.84,4.99,
7/10/2023,19.99,105.72,417.92,99.28,15.13,27.28,6.89,43.79,6.75,120.82,72.02,113.86,5.25,27.5,48.72,169.05,72.73,22.02,,152.52,5.01,
7/11/2023,19.94,106.42,418.96,99.7,15.22,27.52,6.92,43.9,6.77,121.7,72.02,115.22,5.26,27.68,49.07,169.76,73.31,22.02,,153.6,5.01,
7/12/2023,20.06,108.02,419.72,100.26,15.69,27.93,6.91,44,6.8,123.82,72.02,117.24,5.36,28.02,49.51,169.67,73.35,22.14,,155.76,5.16,
7/13/2023,20.11,108.7,418.5,100.32,15.66,28.01,6.86,44.05,6.77,124.74,72.02,118.14,5.41,28.15,49.33,169.17,72.91,22.26,,157.68,5.24,
7/14/2023,20.33,108.56,419.12,100.24,15.78,27.89,6.85,43.51,6.73,124.48,72.02,117.64,5.34,28.07,48.67,168.19,72.26,22.23,,157.74,5.14,
7/17/2023,20.31,107.92,419.1,100.12,15.85,27.87,6.91,43.36,6.8,124.14,72.02,118.28,5.28,27.94,49.25,167.78,72.48,22.23,,155.64,5.09,
7/18/2023,20.39,108.62,421.34,100.56,16.04,27.95,6.9,44.07,6.84,124.6,72.02,119.18,5.2,27.86,49.78,170.4,72.98,22.32,,156.6,4.99,
7/19/2023,20.75,108.86,425.75,101.32,16.08,27.92,6.96,44.19,6.89,124.64,72.02,119.18,5.25,27.97,50.31,170.38,73.38,22.32,,156.86,5.09,
7/20/2023,20.57,109.36,426.01,101.34,16.01,28.15,6.97,43.85,6.89,125.12,72.02,120,5.21,27.84,50.12,170.63,73.73,22.23,,156.14,5.01,
7/21/2023,20.46,109.66,426.72,101.54,15.93,28.28,6.95,43.92,6.96,125.3,72.02,120.26,5.25,27.94,50.21,170.27,74.23,22.29,,157.14,5.04,
7/24/2023,20.45,109.76,428.54,102.06,16.11,28.22,6.99,44.16,6.95,125.86,72.02,120.54,5.37,28.36,50.29,170.92,74.53,22.28,,156.74,5.23,
7/25/2023,20.74,110.36,430.83,102.68,16.21,28.17,7.01,44.33,6.94,125.98,72.02,121.16,5.47,28.68,50.71,171.62,74.84,22.26,,157.3,5.27,
7/26/2023,20.41,109.7,429.09,102.26,16.18,28.44,7.02,44.32,6.9,126.12,72.02,121,5.49,28.6,50.56,172.05,74.6,22.23,,156.18,5.36,
7/27/2023,20.9,111.24,435.25,103.68,16.34,28.71,7.03,45.11,6.98,128.88,72.02,121.98,5.54,28.83,51.01,170.82,75.35,22.27,,159.2,5.42,
7/28/2023,20.82,110.98,433.54,103.52,16.45,28.66,7.02,45.39,6.95,128.54,72.02,122.46,5.73,29.16,51,171.78,74.88,22.16,,159.48,5.7,
7/31/2023,20.81,111.08,433.51,103.58,16.47,28.58,7.05,45.08,6.95,129.2,72.02,122.54,5.76,29.17,51.43,172.57,74.95,22.19,,160.36,5.75,
8/1/2023,20.98,109.92,434.95,103.46,16.27,28.08,7.04,44.69,6.9,127.9,72.02,120.82,5.68,29.02,51.34,171.29,75,22.13,,158.38,5.66,
8/2/2023,20.56,108.66,431.41,102.28,15.92,27.61,6.94,44.06,6.84,126.04,72.02,118.84,5.55,28.41,50.96,170.63,74.7,22.03,,156.18,5.49,
8/3/2023,20.44,108.02,429,101.84,15.91,27.53,6.92,43.72,6.8,125,72.02,120.02,5.69,28.54,50.83,170.84,74.12,21.99,,153.94,5.7,
8/4/2023,20.17,108.3,427.66,101.7,16.18,27.69,6.93,44.05,6.77,124.7,72.02,121.04,5.62,28.46,50.67,169.75,73.91,22.05,,155.06,5.63,
8/7/2023,19.93,108.42,426.29,101.48,16.05,27.67,6.97,44.29,6.69,124.26,72.02,121.9,5.52,28.26,50.35,169.53,73.99,22.07,,155.26,5.54,
8/8/2023,19.85,108.14,425.77,101.14,15.68,27.5,6.94,44.03,6.67,121.78,72.02,117.38,5.45,28.02,49.86,169.81,73.5,22.15,,153.42,5.41,
8/9/2023,19.61,108.66,424.94,101.08,15.65,27.64,6.94,43.7,6.68,123.16,72.02,119.1,5.45,28.05,49.84,168.56,73.85,22.15,,155.4,5.41,
8/10/2023,19.71,109.62,426.38,101.58,16,28.1,6.94,44.11,6.72,124.38,72.02,121.08,5.54,28.24,49.88,167.87,73.86,22.12,,155.74,5.52,
8/11/2023,19.45,108.36,424.25,100.84,15.81,27.89,6.9,43.91,6.69,123.08,72.02,120.2,5.33,27.78,49.74,168.96,73.66,22.02,,156.26,5.21,
8/14/2023,19.82,108.58,427.94,101.34,15.67,27.88,6.91,43.69,6.73,123.74,72.02,120.56,5.34,27.73,49.74,168.87,73.88,22,,154.98,5.25,
8/15/2023,19.87,107.5,425.74,100.62,15.43,27.6,6.89,43.28,6.73,122.68,72.02,119.34,5.27,27.53,49.47,168.47,73.27,21.94,,153.32,5.19,
8/16/2023,19.8,107.5,425.1,100.46,15.24,27.64,6.94,43.08,6.65,122.68,72.02,119.08,5.18,27.43,49.2,168.47,73.17,21.93,,153.44,5.11,
8/17/2023,19.54,106.5,422.2,99.87,15.06,27.39,6.91,42.87,6.6,121.24,72.02,118.76,5.25,27.51,48.62,168.14,72.78,21.84,,152.94,5.19,
8/18/2023,19.38,105.88,418.7,99.09,15.09,27.37,6.91,42.81,6.56,120.8,72.02,118.14,5.12,27.26,48.53,168,72.33,21.91,,151.24,4.99,
8/21/2023,19.66,106,418.88,99.12,15.01,27.36,6.92,42.68,6.55,121.76,72.02,118.68,5.07,27.18,48.19,167.4,71.94,21.78,,151.1,4.97,
8/22/2023,20.04,106.68,423.42,100,14.95,27.55,6.97,43.28,6.61,122.62,72.02,119.1,5.1,27.36,48.49,168.78,72.37,21.83,,153.36,5.03,
8/23/2023,20.3,107.1,425.75,100.7,15.09,27.51,7.07,43.81,6.67,122.98,72.02,118.4,5.17,27.73,48.87,170.45,72.6,21.97,,153.16,5.13,
8/24/2023,20.13,106.64,424.77,100.38,15.04,27.55,7.03,43.44,6.63,122.14,72.02,118.46,5.18,27.68,48.55,171.23,72.72,21.96,,151.3,5.16,
8/25/2023,20.01,106.7,424.87,100.44,14.98,27.61,7.03,43.6,6.64,122.8,72.02,118.72,5.19,27.77,48.6,170.69,72.83,21.95,,152.68,5.16,
8/28/2023,20.19,107.82,427.27,101.22,15.23,28.08,7.05,44.03,6.67,124.32,72.02,120.66,5.31,28.04,49.13,171.74,73.25,21.95,,153.22,5.33,
8/29/2023,20.58,108.68,431.06,102.06,15.3,28.3,7.06,44.1,6.72,125.74,72.02,121.64,5.4,28.24,49.48,172.26,73.47,22.06,,155.1,5.45,
8/30/2023,20.66,108.48,431.17,101.92,15.38,28.21,7.01,43.79,6.74,125.98,72.02,121.72,5.3,27.98,49.47,171.81,73.49,22.07,,154.54,5.32,
8/31/2023,20.94,108.24,435.42,102.6,15.24,28.08,7.01,44.49,6.78,125.46,72.02,120.28,5.3,27.9,50.01,172.78,74.13,22.13,,155.06,5.3,
9/1/2023,21.06,108.24,436.64,103.14,15.35,27.97,7.12,45.04,6.81,124.84,72.02,119.68,5.46,28.3,50.65,173.3,74.4,22.05,,154.84,5.52,
9/4/2023,21.08,108.2,436.75,103.24,15.14,27.85,7.15,45.37,6.79,124.64,72.02,119.38,5.47,28.41,50.28,173.47,74.26,22,,154.02,5.45,
9/5/2023,21.28,107.96,439.24,103.58,14.94,27.76,7.2,45.51,6.77,124.68,72.02,118.62,5.42,28.38,50.05,173.6,74.51,21.94,,153.1,5.35,
9/6/2023,21,107.28,434.95,102.74,14.36,27.51,7.18,45.53,6.7,123.06,72.02,116.4,5.43,28.24,49.53,172.69,73.8,21.89,,152.2,5.37,
9/7/2023,20.67,107.26,434.36,102.54,14,27.49,7.25,45.59,6.66,122.44,72.02,115.22,5.29,27.96,49.16,173.07,73.7,21.94,,151.5,5.16,
9/8/2023,20.81,107.42,435.88,102.72,14.11,27.66,7.31,45.23,6.64,122.9,72.02,115.56,5.25,27.99,49.22,173.1,73.72,21.95,,151.4,5.12,
9/11/2023,20.6,107.82,434.89,102.76,13.97,27.83,7.36,45.44,6.65,124.14,72.02,117.14,5.32,28.13,49.13,172.73,73.45,21.93,,152.48,5.19,
9/12/2023,20.51,107.58,435.6,102.88,13.97,27.86,7.32,45.53,6.61,124.38,72.02,117.56,5.34,28.15,49.21,172.01,73.62,21.9,,151.98,5.24,
9/13/2023,20.5,107.24,435.54,102.84,14.13,27.77,7.32,45.48,6.64,124,72.02,117.72,5.3,28.16,48.92,171.72,73.4,21.89,,151.54,5.2,
9/14/2023,20.69,108.84,440.38,104.14,14.2,28.2,7.39,46.5,6.69,125.78,72.02,119.72,5.37,28.49,49.65,172.73,74.2,21.96,,151.38,5.26,
9/15/2023,20.35,109.12,437.14,103.62,14.21,28.18,7.38,46.33,6.63,125.84,72.02,119.2,5.31,28.34,49.13,174.22,74.09,21.91,,154.86,5.19,
9/18/2023,20.38,107.86,436.05,103.2,14,27.97,7.35,46.12,6.56,124.32,72.02,117.2,5.3,28.2,48.98,174.09,73.73,21.88,,152.4,5.14,
9/19/2023,20.26,107.86,432.89,102.7,13.83,28.09,7.32,46.47,6.5,125.14,72.02,118.5,5.28,28.05,48.62,174.75,73.34,21.84,,152.7,5.1,
9/20/2023,20.25,108.9,434.07,103.02,14.23,28.4,7.32,46.1,6.52,127.42,72.02,120.92,5.27,28.13,48.72,175.15,73.72,21.91,,152.62,5.08,
9/21/2023,19.9,107.42,427.31,101.38,14.06,28.03,7.24,45.41,6.38,125.08,72.02,120.8,5.15,27.65,47.72,173.68,72.56,21.77,,152.06,4.93,
9/22/2023,19.96,107.06,426.97,101.48,14.12,27.85,7.26,45.61,6.37,124.52,72.02,119.28,5.31,27.97,47.56,174.59,72.24,21.83,,150.24,5.12,
9/25/2023,20.01,106.46,427.13,101.4,13.98,27.5,7.31,45.63,6.36,123.56,72.02,118.46,5.27,27.97,47.81,174.94,72.29,21.73,,149.54,5.06,
9/26/2023,19.74,105.74,423.49,100.54,13.95,27.52,7.28,45.21,6.36,122.46,72.02,117.94,5.22,27.68,47.64,173.76,71.87,21.69,,147.68,5,
9/27/2023,19.8,105.6,424.54,100.8,13.73,27.42,7.36,45.52,6.39,122.02,72.02,118.5,5.24,27.83,48.11,172.55,72.02,21.68,,148.46,5,
9/28/2023,19.89,106.04,425.47,100.94,13.58,27.8,7.26,45.3,6.37,122.66,72.02,120.24,5.21,27.74,48.31,169.93,72.14,21.54,,149.28,4.95,
9/29/2023,20.05,106.38,426.27,101.1,13.79,27.78,7.27,44.78,6.4,123.24,72.02,120.44,5.26,27.84,48.21,169.06,72.28,21.66,,149.44,5.04,
10/2/2023,20.37,105.32,427.33,101.04,13.59,27.42,7.32,44.61,6.35,121.38,72.02,119.14,5.26,27.83,47.92,168.41,71.77,21.56,,148.46,5.06,
10/3/2023,20.09,104.12,422.38,99.85,13.42,27.02,7.3,43.87,6.29,119.78,72.02,117.66,5.18,27.6,46.96,168.4,70.9,21.45,,146.92,5,
10/4/2023,20.13,104.02,421.47,99.46,13.57,26.84,7.22,43.09,6.24,119.48,72.02,117.16,5.13,27.33,46.44,167.47,70.42,21.46,,147.9,4.93,
10/5/2023,20.07,104.36,420.45,99.43,13.43,26.98,7.25,43.89,6.25,119.76,72.02,117.76,5.11,27.24,46.44,166.48,70.37,21.49,,147.56,4.89,
10/6/2023,20.33,105.24,422.71,100.08,13.62,27.17,7.28,43.85,6.3,121.12,72.02,119.82,5.23,27.57,46.72,167.19,70.53,21.41,,149.38,5.01,
10/9/2023,20.47,104.92,426.53,100.58,13.92,26.97,7.22,44.08,6.3,120.56,72.02,117.8,5.22,27.42,47.1,169.49,71.16,21.54,,147.66,4.98,
10/10/2023,20.73,107,431.68,101.94,14.39,27.57,7.3,44.64,6.38,123.3,72.02,120.52,5.31,27.79,47.81,169.17,72.11,21.57,,150.16,5.13,
10/11/2023,20.66,107.1,429.15,101.58,14.49,27.6,7.29,44.36,6.32,123.86,72.02,121.02,5.35,27.9,47.38,170.2,71.61,21.67,,150.88,5.21,
10/12/2023,21.05,107.22,433.47,102.3,14.37,27.5,7.28,44.84,6.3,124.08,72.02,120.66,5.32,27.94,47.06,171.3,71.86,21.62,,150.14,5.12,
10/13/2023,20.8,106.16,431.86,101.74,14.53,27.13,7.35,44.38,6.2,122.96,72.02,118.52,5.26,27.87,46.65,176.67,71.67,21.62,,148.98,5.04,
10/16/2023,20.86,106.5,433.97,102.18,15.6,27.32,7.38,44.26,6.24,123.7,72.02,119.62,5.26,27.94,47.02,175.92,72.15,21.58,,148.66,5.04,
10/17/2023,20.6,106.36,432.68,101.92,16.08,27.48,7.34,44.26,6.24,123.54,72.02,119.5,5.22,27.82,47.62,175.59,72.44,21.45,,148.88,4.99,
10/18/2023,20.55,105.16,431.01,101.26,15.79,27.12,7.29,43.91,6.16,122.64,72.02,118.38,5.14,27.48,46.99,178.15,71.93,21.37,,147.26,4.86,
10/19/2023,20.42,103.98,426.13,100.18,15.38,26.97,7.27,43.58,6.03,120.96,72.02,117.52,5.07,27.29,46.29,178.56,71.06,21.36,,146.84,4.84,
10/20/2023,19.85,102.58,418.19,98.45,15.18,26.6,7.2,43.02,5.99,119.24,72.02,115.6,4.97,26.88,45.26,181.79,69.66,21.36,,144.78,4.72,
10/23/2023,19.85,102.46,416.58,98.12,15.12,26.53,7.1,42.78,5.93,120.1,72.02,115.88,4.96,26.73,45.1,179.5,69.17,21.38,,144.38,4.73,
10/24/2023,19.96,102.84,418.92,98.72,15.38,26.56,7.14,43.08,5.99,120.02,72.02,114.66,5.12,27.17,45.06,178.96,69.35,21.42,,146.22,4.92,
10/25/2023,19.98,102.88,416.09,98.22,15.61,26.6,7.07,43.23,5.9,119.58,72.02,115.26,5.05,26.93,44.57,180.17,68.99,21.34,,145.82,4.82,
10/26/2023,19.57,102.42,412.99,97.56,15.84,26.61,7.01,42.79,5.86,119.82,72.02,115.54,5.08,26.81,44.92,181.36,69.24,21.4,,144.58,4.89,
10/27/2023,19.62,101.54,409.31,96.83,15.72,26.44,7.02,42.91,5.78,119.1,72.02,115.54,5.08,26.75,44.21,180.35,68.17,21.42,,143.12,4.88,
10/30/2023,19.56,102,409.2,96.83,15.9,26.74,7.05,42.8,5.73,118.96,72.02,116.38,5.12,26.82,44,181.92,67.77,21.41,,145.08,4.97,
10/31/2023,19.72,102.52,413.18,97.58,16.06,26.77,7.05,43.67,5.76,120.78,72.02,116.58,5.02,26.62,44.59,182,68.69,21.47,,146,4.84,
11/1/2023,20.13,103.24,418.17,98.74,16.29,27,7.1,44.25,5.83,121.9,72.02,117.42,5.06,26.96,44.74,181.13,69.02,21.5,,146.48,4.92,
11/2/2023,20.47,104.9,423.98,100.18,16.18,27.55,7.13,44.73,5.89,124.04,72.02,118.36,5.09,27.38,45.45,180.24,70.06,21.64,,150.28,5.01,
11/3/2023,20.52,105.1,425.58,100.68,16.29,27.6,7.11,45.27,6.04,124.92,72.02,120.34,5.17,27.67,46.68,179.15,70.91,21.83,,150.24,5.13,
11/6/2023,20.64,104.88,425.04,100.54,16.35,27.45,7.11,44.6,6.02,124.66,72.02,120.08,5.2,27.94,46.01,178.13,70.27,21.74,,149.66,5.2,
11/7/2023,21.03,104.74,429.12,101.12,16.13,27.45,7.17,44.32,6.05,123.72,72.02,119.46,5.2,27.95,46.24,177.52,70.64,21.79,,148.98,5.22,
11/8/2023,21.05,105,427.67,100.68,16.03,27.59,7.18,43.54,5.99,123.94,72.02,119.72,5.18,27.77,45.6,176.36,70.25,21.87,,150.18,5.2,
11/9/2023,21.26,105.96,428.49,101.1,16.38,27.82,7.16,44.14,5.93,124.86,72.02,120.58,5.15,27.73,45.43,176.91,70.26,21.82,,151.18,5.17,
11/10/2023,21.43,104.84,429.13,100.86,16.17,27.76,7.23,44.03,5.82,124.2,72.02,120.06,5.07,27.63,45.04,175.34,70.11,21.78,,150.88,5.03,
11/13/2023,21.52,105.7,431.89,101.48,16.11,28.05,7.21,44.15,5.88,126,72.02,121.76,5.16,27.72,45.38,175.46,70.5,21.75,,152.16,5.19,
11/14/2023,21.55,107.06,434.07,102.16,17.07,28.52,7.2,44.16,6.03,127.94,72.02,123.14,5.16,27.92,47.04,174.7,71.58,21.95,,154.3,5.18,
11/15/2023,21.68,107.5,435.17,102.6,16.92,28.5,7.2,44.1,6.11,128.48,72.02,123.82,5.31,28.29,47.65,174.39,71.93,21.92,,155.12,5.36,
11/16/2023,21.56,106.8,433.26,101.92,16.92,28.58,7.18,44.02,6.02,127.6,72.02,123.5,5.08,27.88,46.47,176.34,71.39,21.98,,154.78,5.04,
11/17/2023,21.6,107.92,433.55,102.28,17,28.84,7.19,44.53,6.06,128.5,72.02,125.1,5.07,27.89,46.88,175.88,71.52,22.04,,156,5.1,
11/20/2023,21.72,108,434.04,102.36,17.34,29.06,7.14,44.29,6.08,129.76,72.02,125.48,5.17,28.1,47.02,174.14,71.4,22.01,,156.46,5.24,
11/21/2023,21.62,107.94,434.28,102.38,17.23,29.05,7.16,44.46,6.11,128.14,72.02,124.78,5.1,28,46.63,176.56,71.5,22.06,,155.82,5.07,
11/22/2023,21.88,108.22,438.83,103.22,17.19,29.2,7.22,44.77,6.16,128.12,72.02,124.88,5.12,28.06,47.06,177,72.29,22.06,,156.54,5.11,
11/23/2023,21.85,108.62,438.09,103.16,17.1,29.29,7.18,44.69,6.16,128.42,72.02,125.32,5.17,28.11,46.89,176.29,72.06,22.03,,156.88,5.18,
11/24/2023,21.65,108.96,436.51,102.94,17.17,29.36,7.19,44.69,6.16,129.3,72.02,125.82,5.11,27.94,47.03,176.57,71.98,21.98,,156.98,5.12,
11/27/2023,21.7,108.54,436.28,102.74,17.07,29.33,7.17,44.63,6.13,129.02,72.02,124.92,5.05,27.81,46.84,177.38,71.94,22.02,,157.1,5.07,
11/28/2023,21.65,108.24,435.05,102.58,17.34,29.56,7.19,44.58,6.08,128.98,72.02,125.62,5.04,27.95,46.73,178.87,71.73,22.14,,156.52,5.02,
11/29/2023,21.7,108.7,435.5,102.72,17.11,29.73,7.25,44.54,6.12,130.36,72.02,126.8,4.96,27.87,46.99,179.6,72,22.25,,157.22,4.91,
11/30/2023,21.65,109.26,436.81,103.14,17.14,29.73,7.34,44.89,6.22,130.72,72.02,126.86,5.02,28.08,47.31,180.47,72.6,22.22,,157.84,4.91,
12/1/2023,21.77,110.42,441.24,104.12,17.77,29.97,7.43,45.25,6.28,131.5,72.02,127.68,4.97,28.19,48.28,182.62,73.81,22.32,,158.76,4.82,
12/4/2023,21.77,110.42,441.24,104.12,17.77,29.97,7.43,45.25,6.35,131.52,72.02,127.68,4.97,28.19,48.28,180.66,73.81,22.29,,158.8,4.78,
12/5/2023,21.77,110.42,441.24,104.12,17.77,29.97,7.43,45.25,6.33,132.14,72.02,127.68,4.97,28.19,48.28,180.05,73.81,22.47,,160.18,4.69,
12/6/2023,21.77,110.42,441.24,104.12,17.77,29.97,7.43,45.25,6.4,133.4,72.02,127.68,4.97,28.19,48.28,181.25,73.81,22.51,,160.46,4.79,
12/7/2023,21.86,111.02,444.78,104.74,17.8,30.06,7.7,45.57,6.37,132.4,72.02,128.74,4.86,28.13,49.11,181.36,74.45,22.51,,161,4.76,
12/8/2023,22.13,111.9,447.37,105.36,17.91,30.36,7.68,45.6,6.39,133.52,72.02,130.08,4.83,28.15,49.68,180.01,74.89,22.4,,161.84,4.72,
12/11/2023,22.18,112.14,448.94,105.68,17.97,30.36,7.75,45.85,6.41,133.82,72.02,130.06,4.86,28.32,49.67,177.85,75.65,22.39,,162.96,4.75,
12/12/2023,22.38,111.96,449.75,105.64,17.81,30.17,7.67,45.61,6.41,133.4,72.02,129.36,4.86,28.17,49.47,177.3,75.48,22.46,,163.36,4.72,
12/13/2023,22.53,111.94,451.97,105.94,17.87,30.08,7.69,45.61,6.48,133.2,72.02,128.82,4.81,28.04,49.69,177.22,75.76,22.53,,162.8,4.66,
12/14/2023,22.15,112.92,449.86,106,18.06,30.17,7.69,45.37,6.64,133.42,72.02,129.14,4.84,28.38,51.77,179.06,76.78,22.8,,162.44,4.74,
12/15/2023,22.57,112.98,453.45,106.78,18.07,29.97,7.81,45.54,6.62,133.56,72.02,129.08,4.9,28.59,52.04,180,77,22.83,,163.22,4.79,
12/18/2023,22.45,112.6,454.84,106.64,18.22,29.89,7.77,45.12,6.58,132.98,72.02,128.58,4.8,28.3,51.74,178.87,76.8,22.77,,162.68,4.66,
12/19/2023,22.41,113.1,454.66,106.8,18.36,30.05,7.79,45.1,6.65,133.36,72.02,128.68,4.85,28.48,52.3,179.8,76.88,22.85,,163.12,4.72,
12/20/2023,22.51,113.3,456.34,107.1,18.23,29.95,7.62,45.37,6.63,133.46,72.02,128.92,4.78,28.3,52.9,178.98,77.09,22.89,,163.4,4.66,
12/21/2023,22.27,113.04,451.66,106.36,18.31,29.99,7.68,45.48,6.61,133.08,72.02,128.82,4.82,28.39,52.02,179.52,76.38,22.93,,162.58,4.68,
12/22/2023,22.33,113.24,453.23,106.68,18.29,30.03,7.7,45.75,6.74,133.38,72.02,129.36,4.7,28.27,52.67,180.44,76.81,22.99,,162.9,4.55,
12/25/2023,22.16,113.48,450.57,106.36,18.58,30.08,7.72,45.43,6.74,133.54,72.02,129.94,4.67,28.37,52.86,180.55,76.48,22.99,,162.9,4.55,
12/26/2023,22.16,113.48,450.57,106.36,18.58,30.08,7.72,45.43,6.74,133.54,72.02,129.94,4.67,28.37,52.86,180.55,76.48,22.99,,162.9,4.55,
12/27/2023,22.16,113.48,450.57,106.36,18.58,30.08,7.72,45.43,6.74,133.54,72.02,129.94,4.67,28.37,52.86,180.55,76.48,22.98,,163.08,4.53,
12/28/2023,22.33,113.26,452.95,106.94,18.38,30.02,7.78,45.93,6.81,133.36,72.02,128.96,4.83,28.73,52.96,180.82,76.83,22.99,,162.44,4.72,
12/29/2023,22.36,113.6,454.04,107.08,18.36,30.08,7.78,46.18,6.76,133.26,72.02,129.36,4.83,28.75,53.1,180.42,77.08,22.91,,162.48,4.69,
1/1/2024,21.97,113.42,454.19,107.04,17.95,30.27,7.8,46.3,6.88,134.06,72.02,131.44,4.79,28.73,52.67,181.92,77.51,22.91,,162.48,4.69,
1/2/2024,21.97,113.42,454.19,107.04,17.95,30.27,7.8,46.3,6.88,134.06,72.02,131.44,4.79,28.73,52.67,181.92,77.51,22.86,,162.42,4.62,
1/3/2024,21.77,112.38,453.03,106.62,17.87,29.84,7.82,46.05,6.78,132.18,71.44,129.8,4.85,28.66,51.88,179.88,76.84,22.81,,160.7,4.63,
1/4/2024,21.66,113.22,452.04,106.6,17.83,30.26,7.89,45.95,6.74,133.52,71.96,132.46,4.81,28.57,51.18,180.1,76.67,22.77,,160.28,4.6,
1/5/2024,21.65,112.92,450.54,106.42,17.66,30.23,7.91,46.35,6.72,133.72,71.79,133.56,4.76,28.63,50.92,180.59,76.47,22.76,,160.64,4.52,
1/8/2024,21.91,113.26,451.37,106.56,17.88,30.45,7.87,46.35,6.75,134.3,71.96,133.86,4.68,28.53,51.1,178.86,76.56,22.81,,161.02,4.41,
1/9/2024,22.19,113.06,456.15,107.14,17.89,30.15,7.88,46.57,6.9,133.72,71.8,132.36,4.65,28.35,51.34,179.21,77.15,22.76,,160.58,4.34,
1/10/2024,22.32,112.88,456.16,107.08,17.73,30.18,7.88,47.19,6.8,133.8,71.71,131.8,4.61,28.15,51.04,178.41,76.77,22.76,,160.96,4.3,
1/11/2024,22.28,112,454.67,106.74,17.39,30,7.88,47.23,6.75,132.9,71.14,129.56,4.65,28.14,50.34,178.06,76.31,22.72,,161.22,4.36,
1/12/2024,22.53,112.98,457.29,107.54,17.46,30.39,8.03,47.97,6.78,133.86,71.76,129.92,4.69,28.44,50.73,180.68,76.55,22.85,,161.5,4.38,
1/15/2024,22.61,112.38,458.06,107.58,17.13,30.34,8.08,48.53,6.78,133.22,71.39,129.74,4.63,28.3,50.79,180.97,76.57,22.82,,160.38,4.27,
1/16/2024,22.92,112.1,460.46,107.72,17,30.1,8.02,48.11,6.73,133.1,71.25,128.7,4.59,28.08,50.79,180.52,76.71,22.77,,159.5,4.2,
1/17/2024,22.74,110.9,458.51,106.76,16.69,29.83,7.91,47.19,6.65,132.08,70.45,127.94,4.44,27.53,50.17,178.64,76.4,22.67,,158.28,4.01,
1/18/2024,23.23,111.54,460.09,107.3,16.88,29.92,7.95,47.6,6.64,133.26,70.86,129.04,4.49,27.8,50.28,179.08,76.13,22.63,,159.94,4.04,
1/19/2024,23.44,111.14,462.87,107.64,17.08,29.81,8.01,47.43,6.63,132.96,70.62,128.88,4.41,27.82,50.16,179.53,76.41,22.61,,160.8,3.95,
1/22/2024,23.92,112.1,468.03,108.64,17.17,30.14,8.07,48.35,6.74,133.02,71.18,130.04,4.35,27.81,51.77,179.33,77.38,22.64,,161.24,3.9,
1/23/2024,23.94,111.74,469.3,108.9,16.96,29.81,7.91,47.92,6.73,132.6,70.93,129.66,4.52,28.06,51.84,180.28,77.55,22.56,,160.74,4.11,
1/24/2024,24.23,113.1,471.06,109.54,17.17,30.06,7.95,47.97,6.72,133.8,71.79,131.46,4.66,28.4,51.9,178.43,77.45,22.56,,163.9,4.22,
1/25/2024,24.58,113.4,473.83,110.04,17.17,29.94,7.99,47.92,6.72,132.94,71.94,130.3,4.67,28.48,52.03,179.52,77.84,22.63,,165.22,4.17,
1/26/2024,24.18,114.68,473.31,110.12,17.36,30.03,7.98,47.65,6.79,133.96,72.83,130.94,4.64,28.49,51.97,179.19,78.07,22.66,,166.82,4.11,
1/29/2024,24.18,114.94,475.15,110.6,17.21,29.92,8.15,48.11,6.81,133.3,72.98,130.02,4.55,28.53,52.38,180.98,78.35,22.67,,167.16,4,
1/30/2024,24.25,115.16,476.97,110.68,17.51,30.32,8.04,47.94,6.81,135.02,73.1,132.34,4.47,28.26,52.56,180.97,78.58,22.68,,167.92,3.93,
1/31/2024,23.72,115.2,472.53,110.14,17.96,30.36,8.14,48.47,6.8,135.54,73.1,132.64,4.45,28.35,52.05,182.42,78.36,22.84,,167.5,3.89,
2/1/2024,23.74,114.7,470.58,109.76,18.29,30.24,8.12,48.36,6.72,135.28,72.89,129.26,4.45,28.34,51.08,183.19,77.56,22.95,,167.54,3.91,
2/2/2024,24.32,114.78,481.21,111.34,18.43,30.48,8.19,48.42,6.78,135.36,72.88,130.42,4.39,28.38,51.77,181.91,78.68,22.76,,168.1,3.84,
2/5/2024,24.57,114.7,482.5,111.56,18.33,30.14,8.23,48.57,6.82,136.32,72.87,129.74,4.47,28.56,51.26,181.72,78.54,22.64,,167.52,3.92,
2/6/2024,24.49,115.46,483.03,112.08,18.33,30.39,8.36,48.41,6.89,137.24,73.29,129.94,4.7,29.2,51.8,182.87,78.83,22.67,,168.66,4.19,
2/7/2024,24.7,115.1,486.01,112.48,18.44,30.07,8.35,48.7,6.86,136.6,73.07,128.28,4.62,29.13,51.56,182.84,79.04,22.67,,168.72,4.06,
2/8/2024,24.93,115.06,486.68,112.46,18.28,30.11,8.28,48.22,6.84,136.96,73.02,128.08,4.57,29.04,52.06,181.9,78.97,22.59,,170,4.02,
2/9/2024,25.13,114.94,487.58,112.58,18.26,30.08,8.28,48.4,6.86,137.4,73,127.98,4.55,28.96,52.54,180.96,78.93,22.59,,170.06,4,
2/12/2024,25.33,115.62,491.7,113.62,18.57,30.25,8.25,48.94,6.92,138.58,73.39,129.78,4.69,29.46,54.24,180.34,79.98,22.6,,171.04,4.16,
2/13/2024,24.9,114.54,486.66,112.44,18.11,30.08,8.21,49.18,6.87,137.3,72.72,129.32,4.62,28.98,52.91,179.56,79.09,22.51,,169.1,4.06,
2/14/2024,24.92,115.08,486.94,112.72,18.53,30.11,8.36,48.95,6.89,138.1,73.1,129.58,4.65,29.28,53.06,179.05,79.33,22.54,,169.9,4.11,
2/15/2024,24.84,115.9,488.82,113.16,18.46,30.06,8.38,49.19,6.95,139.68,73.54,129.6,4.66,29.32,54.05,179.38,80.02,22.57,,171,4.14,
2/16/2024,24.88,116.68,490.18,113.7,18.69,29.85,8.41,49.39,7,139.94,74.03,130.08,4.76,29.54,54.21,180,80.22,22.49,,171.96,4.26,
2/19/2024,24.74,116.82,488.62,113.52,18.9,29.96,8.43,49.82,6.96,139.58,74.15,130.7,4.71,29.51,53.61,180.8,79.8,22.5,,171.9,4.18,
2/20/2024,24.07,116.64,482.9,112.48,19.14,30.2,8.43,49.28,6.91,139.82,74.08,131.54,4.67,29.42,52.96,181.06,79.51,22.57,,171.34,4.12,
2/21/2024,23.96,116.44,482.52,112.42,19.1,30.4,8.37,49.35,6.87,141.16,74.02,132.58,4.78,29.48,52.54,180.65,79.3,22.5,,172.28,4.26,
2/22/2024,25.03,117.52,492.26,114.22,19.4,30.52,8.44,49.9,6.96,142.7,74.64,133.54,4.81,29.7,52.97,180.4,80.2,22.53,,174.78,4.29,
2/23/2024,25.11,117.98,494.27,114.54,19.64,30.51,8.45,50.12,7,144.12,74.99,134.52,4.85,29.72,53.09,181.29,80.5,22.59,,175.36,4.31,
2/26/2024,25.11,117.56,492.2,114.14,19.56,30.5,8.41,49.98,7.01,143.78,74.71,133.7,4.8,29.53,53.27,180.33,80.17,22.55,,175.42,4.35,
2/27/2024,24.97,117.74,490.64,114,19.58,30.47,8.4,50.05,7.07,144.24,74.83,133.9,4.86,29.61,54.1,180.85,80.19,22.53,,176.3,4.48,
2/28/2024,25,117.36,492.07,113.92,19.08,30.54,8.31,49.85,7.07,143.82,74.55,134.34,4.73,29.25,53.99,180.98,80.46,22.51,,176,4.3,
2/29/2024,25.09,117.32,493.42,114.22,19.17,30.35,8.36,50.09,7.04,143.66,74.55,133.38,4.74,29.33,54.16,182.43,80.83,22.59,,176.52,4.32,
3/1/2024,25.52,118.06,496.25,115.04,19.27,30.51,8.49,50.83,7.09,145.24,75.02,135.16,4.82,29.66,54.65,185.01,81.08,22.61,,176.7,4.42,
3/4/2024,25.78,118.06,496.5,114.94,19.03,30.58,8.48,50.47,7.03,145.02,75.01,136,4.73,29.55,54.79,188.24,81.38,22.59,,177.02,4.3,
3/5/2024,25.17,117.78,492.29,114.14,18.74,30.84,8.45,50.79,6.99,146.1,74.86,136.92,4.67,29.33,54.19,188.89,81.25,22.71,,176.46,4.21,
3/6/2024,25.4,118.28,493.56,114.64,18.89,31.02,8.48,51.37,7.04,147.06,75.14,138.02,4.75,29.63,54.26,189.8,81.22,22.73,,177.36,4.33,
3/7/2024,25.67,119.64,494.83,115.1,18.59,31.36,8.48,51.22,7.08,147.36,76.04,139.08,4.67,29.62,54.4,190.15,81.34,22.74,,178.7,4.23,
3/8/2024,25.53,119.54,495.25,115.12,18.6,31.33,8.5,51.24,7.12,147.26,75.97,139.28,4.67,29.64,54.63,191.81,81.52,22.77,,179.46,4.26,
3/11/2024,25.22,119.2,492.08,114.5,18.86,31.33,8.41,50.1,7.09,146.88,75.71,139.54,4.81,29.74,54.15,192.6,81.36,22.76,,177.86,4.44,
3/12/2024,25.63,120.36,496.58,115.44,19.26,31.57,8.4,50.32,7.07,148.72,76.46,142.2,4.9,29.99,53.82,191.31,81.62,22.72,,179.52,4.59,
3/13/2024,25.39,120.58,496.49,115.4,19.15,32.01,8.1,49.83,7.05,149.32,76.64,143.3,4.92,29.79,54.16,191.54,81.83,22.69,,180.54,4.64,
3/14/2024,25.55,120.44,497.46,115.46,19.16,31.86,8.24,50.03,6.98,148.96,76.58,142.46,4.86,29.87,53.39,191.45,81.35,22.64,,180.06,4.49,
3/15/2024,25.18,120.08,493.72,114.8,18.6,32.24,8.2,50.28,6.96,149.54,76.28,144.5,4.86,29.68,53.38,191.63,81.15,22.6,,180.88,4.51,
3/18/2024,25.45,119.9,499.16,115.68,18.6,32.2,8.24,51.04,7,149.8,76.18,144.8,4.89,29.76,53.47,191.55,81.77,22.56,,179.84,4.52,
3/19/2024,25.46,120.22,499.84,115.84,18.55,32.56,8.14,51.43,7,151.14,76.35,146.96,4.86,29.65,53.58,191.22,81.91,22.6,,180.2,4.5,
3/20/2024,25.55,120.18,501.5,116.12,18.52,32.74,8.17,51.45,6.98,151.24,76.33,146.64,4.88,29.73,53.56,191.54,82.15,22.65,,180.82,4.52,
3/21/2024,26.1,121.32,509.1,117.74,19.1,33.11,8.25,51.94,7.1,151.42,77.07,148.56,4.89,30.08,55.21,193.44,83.44,22.65,,182.24,4.49,
3/22/2024,26.08,121.36,509.06,117.62,18.81,33.32,8.27,52.22,7.07,151.52,77.11,149.28,4.82,29.99,54.83,193.29,83.26,22.73,,182.16,4.41,
3/25/2024,25.98,121.46,507.22,117.32,18.53,33.35,8.26,51.64,7.03,152.76,77.13,149.32,4.8,29.94,54.93,193.73,83.03,22.68,,182.4,4.37,
3/26/2024,25.98,121.74,507.92,117.56,18.89,33.47,8.3,51.97,7.03,153.06,77.29,151,4.82,29.95,54.84,193.96,83.07,22.72,,182.92,4.39,
3/27/2024,25.69,121.92,507.5,117.48,18.91,33.83,8.35,51.88,7.1,153.36,77.4,151.56,4.8,29.94,55.49,195.5,83.62,22.78,,183.86,4.34,
3/28/2024,25.81,122.26,511.5,118.28,19.29,33.82,8.47,51.92,7.18,153.18,77.61,153.16,4.86,30.2,56.42,198.26,84.67,22.77,,183.74,4.47,
3/29/2024,25.65,121.24,507.76,117.46,19.4,33.47,8.51,50.96,7.02,151.72,77,153.4,4.96,30.45,54.71,201.65,83.63,22.77,,183.74,4.47,
4/1/2024,25.65,121.24,507.76,117.46,19.4,33.47,8.51,50.96,7.02,151.72,77,153.4,4.96,30.45,54.71,201.65,83.63,22.77,,183.74,4.47,
4/2/2024,25.65,121.24,507.76,117.46,19.4,33.47,8.51,50.96,7.02,151.72,77,153.4,4.96,30.45,54.71,201.65,83.63,22.67,,182.1,4.54,
4/3/2024,25.75,121.64,507.8,117.54,19.4,33.63,8.49,51.16,6.98,152.18,77.24,155.66,4.91,30.3,54.89,203.61,83.38,22.58,,183.2,4.43,
4/4/2024,25.72,121.84,508.06,117.7,19.66,33.81,8.51,51.09,6.96,152.14,77.32,156.76,4.92,30.5,55.1,203.42,83.54,22.66,,181.86,4.44,
4/5/2024,25.46,120.72,504.86,116.88,19.62,33.35,8.52,50.8,6.92,150.08,76.68,154.88,4.86,30.22,54.42,207.08,82.78,22.64,,181.32,4.39,
4/8/2024,25.4,121.38,504.96,117.08,20,33.54,8.59,51.09,6.93,151.3,77.03,156.2,4.89,30.44,54.63,207.07,83.08,22.58,,182.34,4.41,
4/9/2024,25.15,120.62,501.84,116.6,19.82,33.1,8.55,51,6.97,149.72,76.57,154.54,4.9,30.53,54.47,208.7,82.85,22.62,,180.64,4.46,
4/10/2024,25.42,120.84,504.96,117.04,19.98,32.98,8.59,50.93,6.95,150.24,76.72,155.64,4.93,30.43,54.05,210.08,82.9,22.52,,180.4,4.45,
4/11/2024,25.75,120.42,506.64,117.32,19.73,32.58,8.61,51.13,6.94,148.86,76.46,152.08,4.98,30.6,54.03,210.67,82.59,22.43,,180.48,4.5,
4/12/2024,26.05,120.68,509.64,117.72,19.4,32.72,8.6,51.4,6.92,148.98,76.59,151.52,4.9,30.39,54.19,217.05,82.69,22.51,,178.36,4.42,
4/15/2024,25.93,120.76,508.12,117.42,19.47,32.7,8.56,51.51,6.86,149.86,76.72,152.14,4.92,30.3,53.56,212.99,82.37,22.39,,179.2,4.43,
4/16/2024,25.47,118.94,500.66,115.6,18.81,32.18,8.51,50.39,6.8,147.26,75.5,148.92,4.84,29.72,52.87,216.42,81.2,22.33,,178.5,4.33,
4/17/2024,25.2,119,497.24,114.92,19.04,32.51,8.47,49.66,6.72,148.54,75.6,151.14,4.84,29.66,52.56,216.22,80.71,22.33,,177.94,4.3,
4/18/2024,25,119.36,498.08,115.26,19.36,32.89,8.47,49.81,6.67,149.36,75.82,154.1,4.89,29.89,52.76,215.58,81.12,22.32,,178.06,4.36,
4/19/2024,24.35,119.22,492.59,114.28,19.42,32.79,8.51,49.43,6.61,149.58,75.7,154.24,4.86,29.63,52.14,216.37,80.93,22.38,,177.74,4.27,
4/22/2024,24.11,120.16,492.44,114.54,19.84,33.26,8.61,49.58,6.66,150.92,76.29,156.88,4.93,29.8,52.39,211.55,81.23,22.39,,179.76,4.34,
4/23/2024,24.57,121.58,497.96,115.74,20.08,33.74,8.6,49.63,6.81,153.7,77.18,160.24,4.99,30.01,53.46,209.42,81.92,22.37,,182.02,4.45,
4/24/2024,24.7,121.06,498.69,115.78,19.76,33.67,8.59,49.72,6.78,153.22,76.89,159.22,5.07,30.15,53.2,210.14,81.86,22.31,,181.32,4.58,
4/25/2024,24.3,120.3,492.02,114.48,19.6,33.4,8.6,48.83,6.66,151.88,76.39,159.94,5.08,30.06,52.41,209.95,81.19,22.26,,179.64,4.55,
4/26/2024,25.18,121.78,502.22,116.44,19.88,33.79,8.66,49.42,6.73,153.24,77.32,161.48,5.2,30.56,53.35,210.67,82.05,22.31,,182.5,4.76,
4/29/2024,25.06,121.9,501.68,116.58,20.07,33.78,8.69,49.69,6.8,153.48,77.38,160.58,5.22,30.75,53.69,210.41,82.29,22.32,,181.5,4.77,
4/30/2024,25.05,121.14,500.58,116.24,19.77,33.12,8.7,49.88,6.78,151.28,76.95,158.92,5.18,30.65,53.21,207.38,81.98,22.35,,179.2,4.72,
5/1/2024,24.55,120.8,495.12,115.68,19.67,33.04,8.76,50.2,6.85,150.98,76.65,159.48,5.4,31.05,53.37,207.22,81.05,22.35,,179.2,4.72,
5/2/2024,24.55,120.8,495.12,115.68,19.67,33.04,8.76,50.2,6.85,150.98,76.65,159.48,5.4,31.05,53.37,207.22,81.05,22.36,,178.68,5.07,
5/3/2024,25.27,121.48,499.97,116.62,19.92,33.07,8.68,50.43,6.92,150.58,77.08,158.3,5.43,31.18,54,205.36,81.42,22.51,,179.7,5.12,
5/6/2024,25.54,122.22,503.82,117.42,20.41,33.32,8.61,50.76,6.91,152.04,77.63,160.12,5.46,31.26,54.68,207.83,81.87,22.54,,181.34,5.15,
5/7/2024,25.62,123.54,507.38,118.08,20.27,33.83,8.54,50.43,6.95,153.28,78.34,163.62,5.41,31.13,55.1,207.28,82.55,22.58,,183.3,5.03,
5/8/2024,25.61,124,507.8,118.08,20.48,34.1,8.59,49.88,6.93,152.86,78.72,163.58,5.37,31.13,54.66,208.15,82.49,22.55,,184.06,4.97,
5/9/2024,25.56,124.56,508.6,118.26,20.72,33.85,8.46,49.88,6.9,153.64,79.03,162.68,5.47,31.1,54.83,208.85,82.75,22.5,,185.06,5.09,
5/10/2024,25.63,125.42,509.92,118.64,20.11,33.92,8.45,49.83,6.94,154.96,79.66,163.42,5.52,31.18,54.7,211.74,83.17,22.52,,185.92,5.07,
5/13/2024,25.76,125.42,509.42,118.6,20.42,33.92,8.51,49.56,6.95,155.82,79.61,163.82,5.63,31.35,54.89,208.63,83.21,22.54,,185.92,5.24,
5/14/2024,25.78,125.68,508.82,118.52,20.65,34.19,8.55,49.53,6.98,157.38,79.78,165.64,5.59,31.42,55.14,209.87,83.02,22.53,,186.5,5.18,
5/15/2024,26.25,126.46,512.66,119.38,20.7,34.6,8.54,49.86,7.07,158.36,80.25,166.56,5.6,31.62,55.48,211.44,83.34,22.65,,186.98,5.2,
5/16/2024,26.49,126.28,515.5,119.8,20.81,34.44,8.56,49.71,7.05,158.44,79.89,166.12,5.67,31.72,55.35,211.49,83.52,22.66,,185.66,5.24,
5/17/2024,26.24,126.16,513.22,119.56,20.9,34.53,8.65,49.72,7.02,158.54,79.93,167.68,5.76,31.87,55.18,213.55,83.27,22.59,,185.96,5.32,
5/20/2024,26.53,126.64,516.44,120.18,21.06,34.63,8.69,50.19,7.03,157.96,80.26,167.88,5.7,31.83,55.58,215.24,83.69,22.56,,186.16,5.21,
5/21/2024,26.63,126.3,515.7,119.82,20.92,34.58,8.71,49.86,7,156.98,80.06,167.72,5.61,31.61,55.39,215.85,83.35,22.59,,185.72,5.08,
5/22/2024,26.77,125.92,517.06,119.88,20.7,34.61,8.75,49.43,7.03,156.26,79.79,166.64,5.58,31.63,55.22,212.72,83.45,22.6,,184.42,5.06,
5/23/2024,27.22,126.02,517.58,119.9,20.66,34.54,8.87,49.46,6.97,156.38,79.84,166.82,5.5,31.51,54.66,209,82.85,22.52,,184.58,4.95,
5/24/2024,27.08,125.76,514.66,119.4,20.51,34.31,8.87,49.49,6.94,156.4,79.75,166.56,5.43,31.38,54.55,207.48,82.56,22.53,,185.14,4.84,
5/27/2024,27.29,126.26,515.54,119.7,20.68,34.51,8.88,49.88,6.95,157.58,80,166.74,5.48,31.56,54.89,209.26,82.48,22.54,,186.14,4.93,
5/28/2024,27.44,125.48,514.16,119.22,20.46,34.4,8.79,49.75,6.86,157.28,79.5,167.36,5.43,31.34,54.6,208.94,82.07,22.5,,185.1,4.87,
5/29/2024,27.55,124.16,514.08,118.68,19.94,33.94,8.75,49.02,6.8,154.98,78.71,164.88,5.38,31.04,53.98,208.68,81.36,22.37,,182.86,4.8,
5/30/2024,27.02,124.94,510.2,118.26,19.95,34.54,8.69,49.38,6.81,156.24,79.21,167.22,5.4,30.93,54.38,208.36,81.33,22.45,,183.94,4.88,
5/31/2024,26.35,125.36,506.28,117.52,20.08,34.42,8.65,49.73,6.81,156.42,79.53,167.48,5.27,30.42,54.13,207.05,81.43,22.48,,183.54,4.72,
6/3/2024,26.8,125.88,510.46,118.42,20.25,34.63,8.94,50.15,6.87,157.32,79.77,167.9,5.29,30.81,54.37,207.73,81.6,22.56,,183.7,4.75,
6/4/2024,26.8,125.1,509.74,117.96,19.52,34.15,8.33,50.02,6.84,155.54,79.4,163.58,5.33,30.26,53.52,206.18,81.3,22.64,,182.52,4.79,
6/5/2024,27.57,126.4,516.82,119.48,19.76,34.33,8.65,49.87,6.93,156.52,80.21,163.2,5.37,30.88,54.16,208.7,81.9,22.72,,185.7,4.86,
6/6/2024,27.63,127.12,518.54,119.92,19.96,34.56,8.73,49.83,6.95,158.02,80.67,165.86,5.38,31.03,54.05,210.39,82,22.7,,186.48,4.91,
6/7/2024,27.81,126.78,522.7,120.46,19.46,34.35,8.93,50.03,6.95,157.18,80.54,166.02,5.33,31.08,53.84,206.28,82.35,22.57,,186.14,4.79,
6/10/2024,28.22,126.4,525.1,120.98,19.44,34.2,9.02,50.68,6.92,156.54,80.32,163.38,5.37,31.33,53.92,206.89,82.55,22.53,,184.6,4.82,
6/11/2024,28.42,125.22,525.7,120.74,19.11,33.74,9.01,50.13,6.9,153.7,79.6,159.1,5.33,31.11,53.76,207.78,82.52,22.56,,182.7,4.8,
6/12/2024,29.09,126.48,528.58,121.38,19.5,33.88,9.02,50.23,6.94,155.78,80.38,160.5,5.31,31.36,54.93,207.49,82.48,22.75,,185.54,4.77,
6/13/2024,29.58,124.94,531.2,121.32,19.14,33.26,9.07,49.33,6.9,152.42,79.42,155.78,5.33,31.4,54.05,206.95,82.28,22.74,,181.76,4.8,
6/14/2024,29.88,123.68,534.28,121.68,19.08,33,9.2,49.73,6.88,148.16,78.64,152.36,5.34,31.63,53.7,209.76,82.38,22.81,,178.14,4.77,
6/17/2024,30.03,123.82,535.2,121.74,19.57,32.96,9.22,49.05,6.82,149.3,78.71,154.38,5.34,31.67,53.33,208.64,82.43,22.73,,180.12,4.78,
6/18/2024,30.3,124.72,537.82,122.42,19.62,33.4,9.24,49.12,6.85,151.12,79.24,156.16,5.35,31.98,54.06,208.63,82.94,22.78,,181.32,4.81,
6/19/2024,30.6,124.52,539.18,122.62,20.05,33.35,9.14,49.04,6.8,150.76,79.14,155.94,5.43,32.15,53.87,209,82.82,22.78,,179.66,4.94,
6/20/2024,30.48,125.64,540.82,123.06,19.99,33.64,9.16,49.22,6.84,152.74,79.89,157.68,5.36,32.06,54.22,211.83,83.22,22.76,,181.7,4.81,
6/21/2024,30.03,124.68,539.66,122.7,19.84,33.37,9.15,48.98,6.93,151.28,79.22,154.58,5.33,32.02,54.06,210,83.39,22.75,,180.76,4.79,
6/24/2024,29.47,125.68,538.96,122.88,20.5,33.67,9.22,49.37,7,153.96,79.85,158.2,5.37,32.01,54.53,209.55,83.98,22.78,,181.76,4.82,
6/25/2024,29.58,125.36,538.14,122.72,20.53,32.99,9.21,49.88,6.97,153.26,79.65,157.06,5.3,31.8,54.02,208.9,83.2,22.77,,181.92,4.7,
6/26/2024,29.7,124.68,539.34,122.76,20.44,32.69,9.24,49.84,6.94,152.58,79.22,156.3,5.32,31.85,54.02,207.74,82.98,22.71,,181.22,4.74,
6/27/2024,29.7,124.16,539.06,122.68,20.42,32.56,9.34,50,6.91,150.92,78.91,155.94,5.22,31.82,54.03,209.69,82.9,22.7,,180.86,4.61,
6/28/2024,29.97,123.92,541.5,123.18,20.63,32.42,9.34,50.58,6.91,150.72,78.69,156.06,5.22,32.02,54.73,209.44,83.19,22.68,,180.46,4.59,
7/1/2024,29.75,124.3,537.56,122.52,20.59,32.83,9.37,49.97,6.89,153.4,78.96,160.36,5.23,31.96,54.06,209.3,82.43,22.56,,182,4.6,
7/2/2024,29.96,123.8,538.9,122.72,20.42,32.49,9.37,50.51,6.84,152.3,78.62,158.44,5.23,31.85,54.26,209.08,82.35,22.56,,180.82,4.59,
7/3/2024,30.17,124.68,539.5,123.12,20.6,33.09,9.37,50.62,6.77,154.08,79.19,161.32,5.3,32.22,54.01,210.94,82.14,22.66,,183.26,4.72,
7/4/2024,30.24,125.46,539.78,123.46,20.66,33.21,9.34,51.02,6.78,155.14,79.65,163.46,5.29,32.29,53.95,210.19,82.08,22.63,,184.12,4.68,
7/5/2024,30.39,125.24,540.8,123.42,20.4,33.1,9.37,50.78,6.79,154.6,79.54,162.52,5.2,32.23,53.57,212.48,81.53,22.73,,183.56,4.58,
7/8/2024,30.57,125.2,542.66,123.68,20.7,33.06,9.38,50.72,6.83,154.92,79.46,162.3,5.16,32.35,53.98,210.78,81.83,22.73,,183.06,4.55,
7/9/2024,30.71,124.02,544.74,123.86,20.67,32.6,9.44,50.84,6.82,153.92,78.76,160.26,5.21,32.41,53.69,210.19,82.04,22.68,,181,4.62,
7/10/2024,30.84,125.2,545.58,124.42,20.6,33.07,9.41,51.67,6.89,156.08,79.46,162.2,5.21,32.57,53.89,211.91,82.07,22.74,,183.12,4.65,
7/11/2024,30.19,125.86,543.06,124.24,20.77,33.29,9.41,51.6,7.05,156.26,79.89,162.24,5.3,32.71,55.92,214.89,83.36,22.89,,183.44,4.77,
7/12/2024,30.49,127,545.14,124.84,20.94,33.6,9.4,51.71,7.1,157.46,80.63,163.26,5.34,32.74,56.68,213.11,83.88,22.89,,185.96,4.79,
7/15/2024,30.59,125.72,546.92,124.76,21.04,33.29,9.42,51.59,7.07,156.44,79.8,162.72,5.24,32.5,57.59,215.05,84.06,22.88,,183.3,4.63,
7/16/2024,30.34,125.32,547.78,124.88,20.2,33.11,9.45,51.86,7.07,156.46,79.55,162.9,5.21,32.53,58.98,217.99,84.92,22.91,,182.68,4.63,
7/17/2024,29.39,124.74,541.08,123.58,19.93,33.2,9.38,51.66,7.16,156.46,79.15,164.08,5.15,32.08,59.03,217.23,85,22.92,,180.04,4.59,
7/18/2024,28.87,124.44,537.8,122.96,20.25,33.2,9.43,51.34,7.13,157.1,78.93,165.04,5.13,31.85,58.71,217.88,85.17,22.96,,179.98,4.55,
7/19/2024,28.97,123.54,534.56,122.1,20.03,33.03,9.25,50.89,7.02,155.48,78.39,164.14,5.1,31.54,57.43,213,83.7,22.85,,178.06,4.5,
7/22/2024,29.08,124.74,536.78,122.62,20.11,33.26,9.32,50.97,7.11,158,79.14,167.36,5.18,31.66,57.79,211.68,84.18,22.83,,181.36,4.61,
7/23/2024,29.66,124.96,542.66,123.72,19.87,33.4,9.33,51.22,7.18,158.04,79.28,168.44,5.11,31.73,59.31,213.57,84.66,22.86,,180.92,4.52,
7/24/2024,28.64,124.22,531.52,121.7,19.62,33.4,9.26,50.69,7.2,157.18,78.75,167.78,5.1,31.41,59.19,215.6,83.9,22.87,,179,4.47,
7/25/2024,28.25,123.24,529.9,121.08,19.58,33.17,9.29,49.64,7.25,154.24,78.18,166.08,5.01,31.19,59.16,210.09,84.07,22.86,,178.02,4.41,
7/26/2024,28.16,124.32,529.76,121.34,19.51,33.22,9.46,50.13,7.24,154.32,78.82,165.94,5.02,31.37,59.27,211.81,84.46,22.93,,179.64,4.41,
7/29/2024,28.17,123.96,531.3,121.54,19.55,33.14,9.49,50.37,7.23,153.34,78.59,164.8,5.02,31.33,59.21,211.56,84.85,22.94,,178.04,4.42,
7/30/2024,27.78,124.56,530.76,121.6,19.19,33.42,9.51,50.57,7.26,154.62,78.9,166.8,4.99,31.35,59.4,212.97,85.58,22.99,,178.44,4.38,
7/31/2024,28.62,125.52,539.04,123.5,19.63,33.32,9.61,52,7.32,154.06,79.59,164.92,5.09,31.99,59.82,215.69,86.22,23.06,,179.74,4.48,
8/1/2024,28.31,123.68,535.84,122.24,19.11,32.6,9.55,50.14,7.28,149.94,78.47,157.84,5.11,31.68,58.11,218.92,85.17,23.16,,174.96,4.44,
8/2/2024,26.91,120.72,514.1,117.52,18.91,31.98,9.29,46.94,7.02,146.12,76.51,151.46,4.99,30.6,55.17,214.04,82.09,23.32,,171.42,4.28,
8/5/2024,26.01,118.06,502.5,114.8,18.22,31.45,8.95,45.91,6.9,142.84,74.87,148.64,4.96,29.58,53.28,211.87,80.82,23.34,,168.92,4.26,
8/6/2024,26.28,118.34,507.44,115.66,17.93,31.18,9.04,45.8,6.98,141.88,75.1,147.52,4.98,29.76,53.93,210.56,81.69,23.26,,169.6,4.27,
8/7/2024,26.71,120.24,513.2,117.5,18,31.84,9.2,47.61,7.06,145.24,76.26,151.78,5.03,30.47,54.57,211.65,82.58,23.18,,171,4.29,
8/8/2024,26.57,120.44,512.5,117.66,18.25,31.74,9.21,47.83,7.05,144.66,76.39,151.24,5.11,30.75,54.52,213.95,82.33,23.13,,172.62,4.36,
8/9/2024,26.77,121.14,514.78,118.04,18.25,31.92,9.23,47.37,7.07,144.98,76.82,152.06,5.07,30.83,54.46,214.45,82.41,23.22,,172.8,4.35,
8/12/2024,27.05,121.08,515.88,118.3,18.92,32,9.2,47.88,7.03,145.58,76.76,152.42,5.13,31,54.02,217.04,82.24,23.23,,172.28,4.38,
8/13/2024,27.68,121.74,520.98,119.32,18.91,32.26,9.15,49.03,7.07,145.82,77.21,152.64,5.13,31.12,54.39,217.53,82.5,23.32,,173.34,4.37,
8/14/2024,27.84,122.32,522.26,119.54,19.04,32.28,9.06,48.76,7.03,147.38,77.56,153.22,5.03,30.94,54.32,214.06,82.67,23.37,,174.3,4.26,
8/15/2024,28.5,123.98,531.58,121.62,19.38,32.71,9.18,49.84,7.15,150.66,78.59,156.88,5.1,31.35,55.78,218.08,83.93,23.25,,178,4.34,
8/16/2024,28.55,124.18,532.1,121.74,19.83,32.9,9.27,50.06,7.15,150.66,78.75,157.6,5.16,31.58,55.69,218.08,83.94,23.28,,178.72,4.42,
8/19/2024,28.52,124.98,532.58,122.1,19.82,33.27,9.25,50.42,7.19,151.7,79.2,159.16,5.19,31.75,55.93,218.07,84.04,23.3,,179.76,4.49,
8/20/2024,28.7,124.34,532.3,121.7,19.44,33.22,9.23,50.21,7.17,150.78,78.87,157.54,5.06,31.44,55.29,217.95,83.61,23.34,,178.84,4.32,
8/21/2024,28.7,124.82,532.4,121.92,19.61,33.28,9.28,50.52,7.19,151.98,79.1,158.2,5.09,31.5,55.63,217.08,83.75,23.39,,180.14,4.33,
8/22/2024,28.61,125.24,533.14,122,19.53,33.4,9.27,50.67,7.2,151.96,79.48,158.9,5.06,31.28,55.85,215,84.08,23.32,,180.06,4.3,
8/23/2024,28.38,125.86,531.48,122.1,19.61,33.72,9.27,50.95,7.21,153.46,79.82,160.46,5.08,31.5,56.99,216.94,84.38,23.39,,180.66,4.34,
8/26/2024,28.23,125.84,531.34,121.92,19.47,33.61,9.31,50.72,7.2,153.3,79.85,160.18,4.99,31.26,57.01,216.86,84.57,23.4,,180.64,4.29,
8/27/2024,28.3,125.96,531.62,122,19.48,33.78,9.3,51.15,7.17,154.02,79.95,161.56,5.01,31.3,56.52,217.34,84.38,23.35,,180.94,4.33,
8/28/2024,28.05,126.42,531.04,122.04,19.34,33.83,9.34,51.35,7.22,154.5,80.21,161.62,4.95,31.27,56.49,217.36,84.73,23.37,,181.28,4.24,
8/29/2024,28.52,127.46,537.5,123.42,19.57,33.91,9.42,51.61,7.29,155.74,80.93,162.36,5.02,31.53,57.39,219.3,85.57,23.32,,183.22,4.34,
8/30/2024,28.18,127.46,534.98,123.02,19.55,33.94,9.48,51.68,7.25,156.64,80.86,163.62,5.05,31.5,57.11,218.31,85.43,23.34,,182.72,4.4,
9/2/2024,28.44,127.48,539.48,123.66,20.07,33.92,9.46,51.43,7.26,156.5,80.86,163.78,5.02,31.45,57.46,217.98,86.01,23.27,,183.56,4.38,
9/3/2024,27.6,126.26,533.9,122.48,19.64,33.49,9.45,51.52,7.23,154.38,80.05,160.58,5.01,31.17,56.44,216.7,85.7,23.34,,181.06,4.39,
9/4/2024,27,125.02,527.56,121.16,19.53,33.38,9.44,50.66,7.23,153.54,79.29,159.88,4.99,30.98,55.81,217.37,84.86,23.41,,178.76,4.37,
9/5/2024,26.88,124.36,523.72,120.42,19.3,33.41,9.39,50.7,7.1,153.68,78.8,161.74,4.97,30.89,55.07,218.37,84.05,23.49,,177.76,4.38,
9/6/2024,26.32,123.06,517.12,118.84,18.83,33.1,9.22,49.32,7.06,151.82,78.01,158.78,4.91,30.44,54.13,218.38,83.56,23.57,,174.64,4.32,
9/9/2024,26.6,124.14,522.74,120.18,19.05,33.48,9.35,50.44,7.18,153.02,78.67,160.64,4.92,30.72,54.71,218.18,84.43,23.54,,176.58,4.33,
9/10/2024,27,123.32,525.4,120.3,18.83,33.28,9.38,50.01,7.18,151.66,78.21,157.98,4.9,30.62,54.38,219.87,84.4,23.54,,174.88,4.32,
9/11/2024,27.09,123.36,521.84,119.8,18.37,33.35,9.31,49.85,7.16,151.26,78.29,158.5,4.94,30.59,54.08,220.01,83.48,23.61,,176.8,4.38,
9/12/2024,28.05,124.36,532.82,121.86,18.59,33.68,9.46,50.56,7.17,152.5,78.89,161.12,4.94,30.95,55.33,223.09,84.59,23.59,,178.14,4.35,
9/13/2024,28.24,125.28,536.92,122.7,18.95,34.03,9.44,50.69,7.17,152.92,79.47,162.4,4.94,31.18,56.37,224.38,85.46,23.6,,178.56,4.35,
9/16/2024,27.82,125.04,533.84,122.14,18.82,34.15,9.42,50.63,7.26,153.08,79.36,162.42,4.94,31.09,56.25,223.72,85.52,23.66,,178.26,4.36,
9/17/2024,27.98,125.52,538.14,122.92,19.11,34.44,9.43,50.43,7.31,154.04,79.6,164.36,5,31.25,57.6,222.49,86.34,23.66,,178.8,4.44,
9/18/2024,27.81,124.9,535.52,122.32,19.11,34.4,9.38,50.02,7.25,153.44,79.22,164.44,4.97,31.12,56.94,223.21,85.94,23.58,,178.9,4.4,
9/19/2024,28.58,126.72,542.06,124.06,19.22,34.79,9.39,51.06,7.33,155.26,80.31,166.84,5.1,31.56,57.87,223.65,86.49,23.53,,182.46,4.55,
9/20/2024,28.34,124.8,539.72,123.28,18.95,34.65,9.49,51.07,7.22,153.98,79.15,166.68,5.13,31.53,57.52,226.57,85.94,23.55,,179.66,4.58,
9/23/2024,28.42,125.3,543.44,124.18,18.95,34.76,9.61,51.5,7.22,153.76,79.51,163.78,5.22,31.87,57.15,227.74,86.61,23.54,,180.36,4.69,
9/24/2024,28.4,126.16,542.84,124.46,19.48,34.87,9.56,51.04,7.19,154.62,80.07,164.8,5.59,32.59,57.26,228.62,86.76,23.6,,182.26,5.06,
9/25/2024,28.7,126.06,543.38,124.48,19.46,34.76,9.59,50.96,7.12,154.42,80,164.16,5.55,32.53,56.99,229.43,86.43,23.54,,181.34,5.02,
9/26/2024,28.75,127.66,542.66,125.2,19.63,35.26,9.58,52,7.13,157.06,81.01,168.58,5.95,33.37,56.93,230.55,86.59,23.51,,185.92,5.43,
9/27/2024,28.64,128.26,544.86,125.56,19.73,35.33,9.6,51.37,7.21,158.52,81.4,168.38,6.08,33.42,57.69,229.01,87.59,23.57,,186.36,5.65,
9/30/2024,28.74,127.02,544.2,125.2,19.14,35.07,9.44,51.43,7.18,155.84,80.61,165.92,6.17,33.07,57.42,227.64,87.13,23.56,,184.76,5.78,
10/1/2024,28.34,126.5,545.68,125.48,19.06,34.47,9.47,51.75,7.17,154.24,80.33,161.22,6.27,33.23,57.1,232.15,87.62,23.66,,182.44,5.87,
10/2/2024,28.63,126.64,547.72,126.2,19.1,34.3,9.43,51.55,7.22,153.62,80.43,161.16,6.68,33.83,57.21,231.14,87.74,23.58,,183,6.27,
10/3/2024,28.81,125.46,547.54,125.84,18.68,34.32,9.36,51.35,7.18,151.48,79.68,160.28,6.7,33.65,56.94,232.23,87.42,23.54,,181.52,6.28,
10/4/2024,28.95,125.96,551,126.6,18.66,34.49,9.29,52.09,7.19,153.3,79.99,163.14,6.87,33.92,57.72,233.97,88,23.4,,183.68,6.53,
10/7/2024,29.29,126.28,553.06,127.04,18.62,34.65,9.17,51.74,7.18,154.2,80.14,165.12,7.04,34.19,57.53,232.73,87.97,23.32,,183.54,6.72,
10/8/2024,29.51,125.56,553.84,126.74,18.67,34.75,9.32,51.92,7.19,153.92,79.71,164.56,6.45,33.49,57.51,229.51,87.94,23.31,,183.02,6.09,
10/9/2024,29.93,126.42,558.84,127.52,19.17,34.79,9.4,51.74,7.2,154.78,80.24,164.64,6.35,33.5,58.05,230.04,88.69,23.3,,184.2,6.06,
10/10/2024,30.05,126.24,560.2,127.74,18.99,34.6,9.35,51.64,7.2,155.48,80.13,165.36,6.4,33.55,57.37,231.57,88.75,23.32,,183.78,6.03,
10/11/2024,30,126.88,561.74,128.2,19.3,34.74,9.34,51.77,7.26,156.54,80.54,166.3,6.43,33.69,58.38,234.03,89.34,23.31,,184.66,6.03,
10/14/2024,30.42,127.6,567.08,129.08,19.23,35.04,9.39,51.97,7.31,158.22,80.99,167.3,6.37,33.7,58.98,233.82,89.98,23.25,,186.52,5.98,
10/15/2024,30.15,126.38,567.14,128.62,19.1,35.33,9.36,51.39,7.35,157.9,80.28,167.36,6.06,33.23,59.65,235.42,90.65,23.34,,182.1,5.64,
10/16/2024,30.03,126.16,566.82,128.72,19.31,35.47,9.4,51.41,7.32,158.32,80.19,167.22,6.15,33.51,60.44,237.01,90.6,23.44,,181.32,5.72,
10/17/2024,30.6,127.28,572.38,129.74,18.74,35.12,9.29,51.63,7.35,159.9,80.82,168.5,5.97,33.49,60.34,239.95,90.98,23.35,,182.8,5.51,
10/18/2024,30.48,127.56,571.14,129.66,18.97,35.29,9.3,51.49,7.36,160.66,81,169.64,6.22,33.69,60.28,241.1,90.79,23.36,,184.04,5.85,
10/21/2024,30.53,126.7,569.82,129.08,18.63,35.08,9.23,50.81,7.32,159.6,80.47,168.02,6.11,33.33,59.38,242.44,90.39,23.25,,182.72,5.74,
10/22/2024,30.77,126.42,571.68,129.24,18.41,35.03,9.1,50.16,7.29,158.6,80.29,167.72,6.23,33.39,59.26,244.44,90.15,23.23,,182.46,5.88,
10/23/2024,30.65,126.02,570.34,128.86,18.33,35.12,9.1,49.29,7.29,158.38,80.03,166.98,6.23,33.35,58.95,242.99,90.14,23.16,,181.3,5.86,
10/24/2024,30.42,126.08,568.98,128.58,18.32,35.03,9.07,49.48,7.26,158.5,80.07,165.8,6.12,33.1,58.92,243.91,90.05,23.25,,182.14,5.74,
10/25/2024,30.83,126.1,571.68,129.02,18.31,34.98,8.95,49.68,7.23,158.66,80.07,166.02,6.18,33.21,59.05,244.09,89.98,23.24,,181.84,5.87,
10/28/2024,30.63,126.64,570.1,128.98,18.3,35.26,9.01,49.9,7.26,159.84,80.39,167.5,6.26,33.26,59.61,244.74,90.03,23.16,,183.92,6,
10/29/2024,30.86,125.82,571.26,129.06,18.66,34.9,9.09,50.42,7.25,159.34,79.89,167.12,6.25,33.25,59.28,247,90.05,23.11,,182.9,5.97,
10/30/2024,30.55,124.26,569.42,128.26,18.17,34.75,9.05,50.34,7.25,157.48,78.9,166.4,6.11,32.78,59.48,247.19,89.41,23.16,,180.6,5.83,
10/31/2024,29.47,122.82,558.66,126.22,18.02,34.68,9.01,49.71,7.19,156.32,78.03,166.82,6.06,32.54,58.65,243.39,88.66,23.16,,178.24,5.77,
11/1/2024,29.69,124.22,561.74,127.24,18.11,35.21,9.04,50.19,7.27,158.2,78.86,170.16,6.14,32.87,58.73,243.97,88.8,23.08,,179.94,5.79,
11/4/2024,29.51,123.76,556.38,126.3,18.32,35.14,8.91,50.12,7.29,157.8,78.56,170.9,6.17,32.9,58.8,242.24,88.17,23.13,,179.38,5.82,
11/5/2024,29.72,123.8,559.4,126.98,18.23,35.28,8.93,50.39,7.27,157.28,78.62,171.74,6.28,33.12,58.94,241.76,88.54,23.08,,180.12,5.98,
11/6/2024,30.88,123.22,582.46,130.42,18.3,34.22,9.18,51.16,7.4,154.78,78.21,166.42,6.23,33.21,63.34,239.98,92.21,23.06,,177.68,5.89,
11/7/2024,31.26,124.04,585.46,131.38,19.06,34.51,9.07,51.37,7.43,155.16,78.69,166.36,6.46,33.71,63.67,240.72,92.23,23.05,,179.64,6.15,
11/8/2024,31.51,123.18,591.94,131.98,18.89,34.38,9.02,51.49,7.48,154.32,78.16,164.88,6.18,33.14,64.01,241.61,93.21,23.17,,177.62,5.88,
11/11/2024,31.42,124.64,597.6,133.26,18.9,34.54,9.14,52.12,7.6,156.66,79.03,167.5,6.23,33.18,65.77,236.86,94.73,23.16,,179.02,6,
11/12/2024,31.71,122.06,597.96,132.64,18.41,33.9,9.02,51.39,7.5,153.4,77.39,164.12,6.07,32.71,65.32,236.33,94.17,23.13,,175.28,5.75,
11/13/2024,31.75,122.06,600.66,133.04,18.32,33.88,8.94,51.18,7.48,153.82,77.46,163.88,6.09,32.6,65.55,236,94.79,23.12,,175.66,5.76,
11/14/2024,31.81,123.38,599.08,132.94,18.5,34.29,8.98,51.24,7.4,156.88,78.26,167.28,6.02,32.54,64.13,234.98,94.22,23.15,,178.26,5.68,
11/15/2024,31.09,122.3,590.18,131.36,18.03,34.69,8.92,50.93,7.14,156.12,77.6,167.86,6.02,32.47,62.98,234.31,93.24,23.08,,176.82,5.68,
11/18/2024,31.15,122.42,591.78,131.86,17.99,34.82,8.93,51.23,7.09,155.9,77.62,169.3,6.07,32.69,63.18,238.07,93.52,23.07,,176.82,5.76,
11/19/2024,31.15,121.88,591.42,131.76,17.45,34.56,8.97,51.1,7.09,153.82,77.29,166.56,6.06,32.76,62.86,239,93.09,23.13,,176.82,5.72,
11/20/2024,31.15,121.76,591.74,131.8,17.48,34.53,9.03,50.77,7.17,153.54,77.26,165.64,6.1,32.72,63.22,243.13,93.28,23.11,,175.7,5.79,
11/21/2024,31.72,122.34,599.36,133.28,17.79,34.59,8.97,51.37,7.27,153.68,77.64,165.8,6.08,32.83,64.75,245.24,95.28,23.11,,176.28,5.74,
11/22/2024,31.83,123.78,606.76,134.82,17.92,34.69,9.23,52.06,7.41,154.58,78.52,162.76,5.98,33.13,66.29,250.72,96.82,23.13,,176.28,5.64,
11/25/2024,31.67,123.74,605.14,134.46,18.02,34.88,9.31,51.9,7.48,154.34,78.5,161.9,5.91,32.98,67.36,242.39,97.06,23.22,,177.26,5.61,
11/26/2024,31.85,123.08,607.64,134.56,18.04,34.51,9.28,51.7,7.44,153.26,78.06,160.18,5.91,32.94,66.75,241.75,96.86,23.26,,177.26,5.59,
11/27/2024,31.08,122.9,601.3,133.48,17.98,34.43,9.23,51.48,7.49,152.76,77.94,159.3,5.99,32.61,66.14,240.94,96.27,23.34,,175.28,5.75,
11/28/2024,31.44,123.48,604.06,134.02,17.98,34.54,9.2,52.03,7.56,153.62,78.29,160.92,5.93,32.53,66.74,241.39,96.57,23.37,,176.18,5.69,
11/29/2024,31.6,124.18,605.88,134.56,18.14,34.63,9.28,52.45,7.54,154.24,78.74,161.58,5.99,32.8,66.42,243.04,96.72,23.38,,177.82,5.78,
12/2/2024,32.15,125.04,611,135.76,18.61,34.92,9.32,53.63,7.56,154.68,79.28,161.82,6.03,33.04,66.66,242.72,96.94,23.44,,179.68,5.84,
12/3/2024,32.08,125.48,609.34,135.64,18.51,35.27,9.35,54.09,7.54,156.18,79.61,163.64,6.08,33.08,66.11,242.52,96.35,23.42,,180.72,5.86,
12/4/2024,32.6,126.02,611.36,136.06,18.81,35.42,9.35,53.91,7.54,157.4,79.91,164.66,5.99,33.17,66.36,242.7,96.11,23.47,,181.58,5.74,
12/5/2024,32.58,126.46,610.34,135.96,19.23,36.03,9.44,53.66,7.47,160.04,80.18,169.9,6.01,33.26,65.73,240.42,95.53,23.43,,183.06,5.78,
12/6/2024,32.67,126.7,610.74,136.04,19.23,35.88,9.41,53.59,7.47,160.56,80.28,169.06,6.09,33.21,65.46,240.79,95.33,23.46,,184.08,5.85,
12/9/2024,32.48,126.94,608.02,135.94,19.31,35.72,9.38,53.26,7.47,159.7,80.43,169.92,6.57,33.87,65.52,243.01,95.01,23.44,,184.62,6.48,
12/10/2024,32.42,126.26,611.1,136,19.29,35.61,9.43,53.23,7.52,159.5,79.99,170.1,6.28,33.5,65.57,246.52,95.26,23.43,,183.3,6.1,
12/11/2024,32.78,126.62,614.72,136.7,19.04,35.18,9.48,53.88,7.49,160.34,80.18,169.74,6.23,33.62,65.64,249.06,95.03,23.45,,184.1,5.99,
12/12/2024,32.63,126.38,613.5,136.42,18.92,35.08,9.39,53.58,7.49,160.98,80.06,170.24,6.26,33.57,65.28,246.24,95.04,23.35,,183.86,6.03,
12/13/2024,32.7,125.8,611.44,135.78,18.93,35.07,9.46,52.79,7.38,161.04,79.71,171.06,6.15,33.47,64.31,244.34,94.52,23.28,,184,5.92,
12/16/2024,32.94,125.6,613.18,135.96,18.92,35.13,9.44,52.5,7.44,160.5,79.68,171.3,6.08,33.35,64.72,243.35,94.35,23.25,,183.5,5.81,
12/17/2024,33.07,125.16,611.6,135.5,18.37,34.62,9.31,52.46,7.4,158.48,79.43,168.3,6.15,33.19,64.07,242.23,93.42,23.26,,183.46,5.91,
12/18/2024,33.26,125.26,613.74,135.78,18.49,34.67,9.27,52.52,7.42,158.92,79.46,169.46,6.14,33.28,64.42,242.64,93.51,23.27,,183.74,5.92,
12/19/2024,32.81,123.42,603.76,133.84,18.56,34.19,9.26,51.91,7.27,156,78.31,167.6,6.19,33.13,61.96,240.66,91.64,23.09,,181.08,5.95,
12/20/2024,32.92,122.44,606.42,134.06,18.36,34.19,9.15,51.87,7.32,155.78,77.79,166,6.21,33.02,62.33,242.83,92.33,23.14,,180.24,5.98,
12/23/2024,33.03,122.44,604.8,133.76,18.38,34.1,9.1,51.51,7.3,155.74,77.82,165.8,6.2,33.05,61.64,241.91,91.76,23.05,,180.28,5.96,
12/24/2024,33.01,123.48,607.08,134.36,18.34,34.36,9.05,52.64,7.36,157.7,76.85,168.18,6.24,32.92,61.91,242.25,92.4,23.05,,180.28,5.96,
12/25/2024,33.01,123.48,607.08,134.36,18.34,34.36,9.05,52.64,7.33,157.7,78.34,168.18,6.24,32.92,61.91,242.25,92.4,23.05,,180.28,5.96,
12/26/2024,33.01,123.48,607.08,134.36,18.34,34.36,9.05,52.64,7.33,157.7,78.34,168.18,6.24,32.92,61.91,242.25,92.4,23.05,,180.28,5.96,
12/27/2024,33.01,123.48,607.08,134.36,18.34,34.36,9.05,52.64,7.33,157.7,78.34,168.18,6.24,32.92,61.91,242.25,92.4,23.1,,181.1,6.07,
12/30/2024,32.68,123.04,600.78,133.22,18.28,34.48,8.98,52.14,7.3,157.66,77.95,168.86,6.21,32.74,61.5,241.13,91.46,23.1,,181.62,6.01,
12/31/2024,33.06,124.7,610.76,135.48,18.5,34.81,9.3,53.25,7.32,158.72,78.36,169,6.18,33.27,63.12,249.56,93.45,23.1,,181.62,6.01,
1/2/2025,33.06,124.7,610.76,135.48,18.5,34.81,9.3,53.25,7.45,158.72,79.06,169,6.18,33.27,63.12,249.56,93.45,23.1,,180.82,5.92,
1/3/2025,33.11,123.82,610.42,135.24,18.6,34.72,9.26,52.81,7.44,157.56,78.54,168.4,6.16,33.24,62.95,247.18,93.06,23.07,,180.74,5.96,
1/6/2025,33.61,125.12,613.68,135.88,19,35.24,9.04,52.77,7.48,160.54,79.42,172.74,6.06,33.18,63.35,244.77,93.15,23.06,,184.34,5.89,
1/7/2025,32.99,125.28,607.56,134.92,18.87,35.26,9.03,52.67,7.51,161.36,79.57,172.74,6,33.07,62.58,246.47,92.71,22.96,,185.82,5.87,
1/8/2025,32.95,125.12,608.38,135,18.59,35.21,9.01,52.6,7.54,162.16,79.5,173.98,5.96,32.94,62.34,249.39,92.71,22.97,,185,5.78,
1/9/2025,32.85,125.62,608.88,135.06,18.78,35.49,8.97,52.18,7.59,163.08,79.86,174.88,5.99,32.94,62.46,250.12,92.86,22.94,,186,5.84,
1/10/2025,32.24,124.5,602.92,133.72,18.81,35.1,8.87,51.67,7.53,162.06,79.15,174.34,5.88,32.52,61.43,253.42,92.37,22.87,,185.34,5.72,
1/13/2025,32,123.84,602.6,133.54,18.66,35.06,8.7,51.7,7.56,160.6,78.78,175.44,5.88,32.3,61.23,251.73,92.67,22.83,,184.18,5.73,
1/14/2025,31.92,123.72,601.28,133.32,18.69,35.24,8.72,51.37,7.5,162.24,78.72,178.46,5.98,32.45,61.64,250.19,92.85,22.83,,184.66,5.86,
1/15/2025,32.54,125.36,611.78,135.38,19.11,35.69,8.78,51.98,7.51,164.64,79.68,180.5,6.03,32.81,63.27,251.74,94.12,22.97,,186.6,5.92,
1/16/2025,32.49,126.66,612.7,135.8,19.19,35.57,8.76,51.93,7.53,165.42,80.56,180.56,6.02,32.86,63.42,254.4,94.6,23.03,,189.2,5.92,
1/17/2025,32.79,127.48,618.68,137.02,19.38,35.81,8.78,52.16,7.54,167.62,81.03,181.58,6.15,33.16,63.7,254.08,95.49,23.06,,190.62,6.15,
1/20/2025,32.62,127.56,614.56,136.42,19.53,35.88,8.77,52.07,7.51,167.6,81.07,184.04,6.24,33.19,63.79,250.5,94.73,23.08,,191.08,6.27,
1/21/2025,32.31,128.12,614.38,136.48,19.64,35.78,8.57,52.3,7.58,167.24,81.39,183.76,6.11,32.91,63.93,253.63,95.28,23.09,,191.78,6.17,
1/22/2025,33.22,128.62,620.92,137.48,19.99,35.66,8.53,52.38,7.64,166.36,81.74,182.04,6.07,32.88,63.71,255.13,95.27,23.08,,192.68,6.13,
1/23/2025,33.17,129.16,621.28,137.62,20.05,36.03,8.62,52.56,7.64,167.34,82.08,185.76,6.06,32.97,63.93,254.79,95.13,23.07,,193.82,6.03,
1/24/2025,32.9,129.1,617.64,137.14,20.21,36.03,8.48,52.79,7.64,167.88,82.05,186.36,6.16,32.91,63.54,254.45,94.66,23.04,,193.26,6.19,
1/27/2025,30.9,129.02,604.94,134.88,20.11,36.17,8.33,52.26,7.68,167.82,82.04,186.4,6.24,32.24,62.79,251.51,94.22,23.11,,192.68,6.27,
1/28/2025,31.79,129.44,614.06,136.5,20.31,36.65,8.41,52.83,7.71,167.48,82.3,187.3,6.24,32.41,62.88,254.82,94.7,23.14,,192.86,6.25,
1/29/2025,31.83,130.14,615.92,137.14,20.33,36.93,8.52,53.06,7.7,168.52,82.73,189.32,6.4,32.9,63.23,254.55,95.04,23.12,,194.04,6.46,
1/30/2025,31.59,131.28,615.5,137.64,20.77,37.38,8.59,53.68,7.77,168.8,83.43,189.54,6.5,33.28,63.87,258.42,95.41,23.18,,196.52,6.57,
1/31/2025,32.28,131.42,623.82,138.86,20.61,37.24,8.67,53.77,7.81,169.14,83.54,188.3,6.47,33.4,64.15,260.2,95.85,23.18,,195.32,6.57,
2/3/2025,31.42,130.34,617.86,137.78,20.22,36.84,8.72,53.54,7.76,168,82.87,185.1,6.44,33.28,63.48,263.8,95.53,23.24,,193.78,6.59,
2/4/2025,31.66,130.56,617.48,137.84,20.43,37.33,8.75,53.29,7.68,170.04,83.06,188.22,6.53,33.49,63.33,263.98,94.91,23.21,,194.94,6.76,
2/5/2025,31.77,131.18,614.66,137.38,20.39,37.8,8.7,53.56,7.78,169.32,83.46,189.4,6.38,33.27,63.83,265.54,94.55,23.33,,195.6,6.59,
2/6/2025,32.19,132.72,621.58,138.86,21,38.56,8.64,54.27,7.79,172.06,84.44,196.54,6.49,33.49,64.4,264.79,95.31,23.29,,198.44,6.79,
2/7/2025,32.19,132.14,620.2,138.66,21.1,38.51,8.6,53.96,7.66,171.92,84.12,196.24,6.61,33.64,63.72,267.25,95.17,23.26,,197.62,6.94,
2/10/2025,32.69,132.96,624.04,139.56,21.43,38.38,8.62,54.18,7.62,172.58,84.61,195.76,6.75,33.98,63.86,271.46,95.3,23.26,,199.02,7.1,
2/11/2025,32.72,133.28,622.16,139.16,21.73,38.58,8.51,53.99,7.56,174.3,84.78,198.56,6.73,33.82,63.48,270.71,94.99,23.24,,200.05,7.02,
2/12/2025,32.33,133.32,617.42,138.3,22,38.96,8.42,52.93,7.5,174,84.89,201.2,6.84,33.76,62.44,269.24,94.14,23.1,,201.8,7.15,
2/13/2025,32.65,134.94,619.56,138.92,22.28,39.15,8.46,53.62,7.52,175.6,85.89,200.45,6.79,33.81,62.48,269.4,94.17,23.24,,203.65,7.04,
2/14/2025,32.6,134.6,618.24,138.7,22.09,39.12,8.29,53.48,7.51,176.08,85.68,201.8,6.94,33.75,62.56,265.47,94.13,23.27,,203.85,7.24,
2/17/2025,32.91,135.34,620.66,139.44,22.33,39.35,8.31,54.12,7.54,177.76,86.14,203.45,7.05,34.06,62.7,266.38,94.3,23.24,,205,7.37,
2/18/2025,33.04,135.74,621.06,139.58,23.02,39.62,8.31,54.19,7.53,178.78,86.4,207.2,7.07,34.25,63.04,269.75,94.75,23.19,,205.55,7.41,
2/19/2025,33.21,134.52,625.12,140,22.6,39.03,8.37,54.05,7.59,177.64,85.64,204.05,7.06,34.32,63.22,270.71,95.44,23.14,,202.55,7.51,
2/20/2025,32.88,134.28,618.16,138.72,22.5,39.22,8.36,53.84,7.57,177.3,85.53,204,7.14,34.35,61.95,271.06,94.36,23.22,,202.8,7.53,
2/21/2025,32.89,135.06,618.42,138.98,22.6,39.16,8.29,53.88,7.58,178.04,86.02,205.85,7.33,34.62,61.61,270.65,94.51,23.25,,202.55,7.91,
2/24/2025,32.1,134.96,610.36,137.38,22.14,39.36,8.22,53.41,7.56,178.34,85.89,207,7.01,33.9,60.38,270.71,93.91,23.28,,202.45,7.45,
2/25/2025,31.19,135.08,598.56,135.42,22.22,39.74,8.16,53.48,7.44,179.32,86,210.25,7.04,33.66,59.15,265.81,93.05,23.4,,202.7,7.55,
2/26/2025,31.8,136.44,606.64,137.22,22.69,40.38,8.19,53.97,7.52,181.7,86.85,215.4,7.25,34.17,60.2,266.96,93.88,23.39,,203.8,7.89,
2/27/2025,31.58,135.96,608.3,137.4,22.32,40.19,8.17,54.23,7.51,178.94,86.54,214.8,7.26,33.97,60.22,265.9,94.29,23.4,,201.8,7.89,
2/28/2025,30.75,135.98,601.12,135.82,22.32,40.5,7.99,53.41,7.42,179.14,86.53,214.15,7.04,33.17,59.54,263.74,93.61,23.44,,201.75,7.52,
3/3/2025,30.56,137.42,601,136.1,22.4,40.7,7.99,54.08,7.42,181.08,87.54,218.05,6.98,33.07,58.98,265.26,93.67,23.43,,205.6,7.35,
3/4/2025,29.42,134.46,580.42,131.9,21.37,39.52,7.86,52.71,7.25,174.86,85.6,209.25,6.9,32.56,56.25,266.33,90.59,23.46,,202.15,7.27,
3/5/2025,28.82,135.6,567.38,130.3,22.3,40.13,7.88,52.51,7.2,178.48,86.25,219.8,7.03,32.7,55.4,262.03,88.41,23.29,,204.3,7.52,
3/6/2025,28.95,135.54,568.46,130.52,22.65,40.27,7.91,52.66,7.21,179.7,86.31,225.3,7.16,32.83,55.61,259.38,88.54,23.19,,203.2,7.71,
3/7/2025,28.34,135.16,556.94,128.4,22.55,40.15,7.85,52.2,7.11,178.86,85.92,224.3,7.11,32.53,54.26,258.68,87.51,23.28,,204.65,7.68,
3/10/2025,27.83,133.32,553.88,127.38,22,39.6,7.79,51.79,7.07,177.24,84.75,218,6.96,32.15,54.46,257.99,88.35,23.28,,199.08,7.47,
3/11/2025,27.39,131.12,542.34,125.06,21.89,39.01,7.76,50.82,6.85,174.52,83.32,214.2,6.96,31.92,53.29,257.21,85.8,23.21,,198.62,7.58,
3/12/2025,27.94,132.3,547.16,126.4,22.33,38.91,7.78,51.86,6.94,177.44,84.04,217.9,6.96,32.17,53.56,259.37,85.67,23.18,,199.28,7.47,
3/13/2025,27.59,132.06,542.52,125.6,22.83,38.97,7.78,51.99,6.91,176.2,83.86,216.85,7.01,32.18,53.15,264.36,85.25,23.19,,197.78,7.49,
3/14/2025,28.07,133.62,549,127.08,23.58,39.56,7.82,52.59,6.96,179.16,84.81,222.55,7.18,32.63,53.96,264.41,86.08,23.21,,201.35,7.55,
3/17/2025,27.92,134.7,549.72,127.7,23.78,40.02,7.88,52.89,7.02,180.9,85.53,224.55,7.32,33.02,54.33,264.38,87.01,23.28,,203.35,7.75,
3/18/2025,27.78,135.4,546.32,127.2,24,40.68,8.01,52.66,6.99,183.06,85.94,230.3,7.32,32.99,54.16,267.48,86.68,23.24,,203.7,7.71,
3/19/2025,28.14,135.68,552.92,128.46,23.8,40.81,8.15,53.22,7.01,184.06,86.18,229.9,7.33,33.15,54.85,268.78,87.59,23.31,,204.7,7.7,
3/20/2025,28.16,135.04,556.2,128.74,23.5,40.44,8.24,53.4,7.02,181.6,85.75,224.25,7.13,32.99,55.34,269.61,87.9,23.31,,202.1,7.42,
3/21/2025,28.11,134.22,554.52,128.38,23.24,40.59,8.4,53.58,7.01,180.84,85.26,224.85,7.05,32.99,54.76,268.61,87.3,23.3,,201.45,7.27,
3/24/2025,28.86,134.1,567.14,130.46,23.73,40.53,8.57,53.5,7.09,180.84,85.17,225.8,7.05,33.24,56.15,268.77,88.98,23.24,,201.1,7.26,
3/25/2025,28.9,135.06,567.34,130.6,24.13,41.02,8.53,53.77,7.03,182.78,85.69,230.75,7.01,33.12,56.07,269.68,88.77,23.27,,203.7,7.16,
3/26/2025,28.43,134.22,565,130.02,23.61,40.88,8.46,53.4,6.93,181.22,85.13,228.65,7.01,33.05,55.7,269.58,88.85,23.2,,200.5,7.18,
3/27/2025,28.14,133.72,562.28,129.64,23.75,40.81,8.52,53.33,6.95,181.3,84.86,226.85,7.12,33.19,55.35,272.52,88.58,23.2,,200.1,7.31,
3/28/2025,27.32,132.72,549.04,126.9,23.41,40.43,8.42,52,6.85,179.7,84.22,222.1,6.92,32.43,53.87,274.42,86.94,23.27,,198.32,6.99,
3/31/2025,26.93,130.78,547.02,126.08,22.89,39.88,8.42,51.61,6.77,176.64,82.99,217.6,6.89,32.27,53.49,278.32,87.08,23.32,,196.14,6.94,
4/1/2025,27.46,132.1,553.82,127.52,23.38,40.38,8.4,51.49,6.8,178.74,83.88,221.25,6.93,32.56,53.92,278.94,87.77,23.45,,197.4,6.98,100
4/2/2025,27.58,131.46,553.66,127.3,23.56,40.52,8.44,50.92,6.73,178.26,83.46,220.65,6.84,32.41,54,277.74,87.87,23.38,,197.1,6.9,99.67
4/3/2025,25.51,127.96,523.3,121.3,22.22,40,8.19,48.46,6.53,171.94,81.28,210.35,6.63,31.33,50.18,270.93,83.07,23.59,,190.5,6.68,97.91
4/4/2025,24.22,121.38,501.08,115.8,20.75,37.79,7.91,46.43,6.3,160.76,77.22,191.22,6.22,29.74,47.94,264.99,79.58,23.58,,180.02,6.16,97.1
4/7/2025,23.65,116.08,487.44,112.52,20,35.72,7.86,46.03,6.09,152.42,73.62,184.82,5.82,28.78,47.38,263.25,77.72,23.39,,174.34,5.74,96.2
4/8/2025,24.8,119.52,505,115.94,20.77,36.72,8.07,47.75,6.25,155.94,75.79,191.12,5.87,29.19,48.58,265.5,79.48,23.27,,173.58,5.75,96.75
4/9/2025,23.58,115.02,479.34,110.5,20.22,35.9,7.79,45.69,5.85,151.68,73.08,185.62,5.74,27.98,45.44,268.58,75.03,23.11,6.98,185.18,5.7,95.74
4/10/2025,24.84,119.5,498.35,114.78,21.14,37.56,7.96,46.95,5.96,158.96,75.9,196.1,5.89,28.99,46.87,272.58,77.63,23.25,7.13,178.4,5.93,95.53
4/11/2025,24.7,119.6,492.63,113.92,20.93,37.44,7.82,46.57,5.97,157.76,75.89,195.8,5.87,29.12,45.99,275.13,76.36,23.11,7.26,180.16,5.94,94.58
4/14/2025,25.44,122.78,506.46,117.1,21.52,38.38,7.95,48.2,6.2,161.72,77.96,202.05,6.12,29.79,47.42,271.92,78.89,23.26,7.45,183.4,6.26,94.72
4/15/2025,25.66,124.82,510.5,118.3,21.7,39.28,8.11,49.05,6.25,166.24,79.15,208.25,6.13,30.11,48.25,274.78,79.66,23.21,7.53,184.92,6.17,94.88
4/16/2025,24.89,124.54,502,116.9,21.8,39.46,8.1,48.68,6.22,167.1,79.04,209.4,5.99,29.79,47.79,281.15,78.99,23.36,7.49,184.42,5.95,94.71
4/17/2025,24.33,124.14,494.92,115.82,22.06,39.34,8.27,49.26,6.15,166.8,78.83,207.25,5.97,29.85,47.43,279.22,78.32,23.35,7.43,185.26,5.91,94.99
4/22/2025,23.89,124.94,488.08,115.08,22.51,39.83,8.37,49.63,6.17,168.12,79.29,209.55,6.05,29.86,47.26,287.01,77.5,23.4,7.93,185.44,5.98,94.99
4/23/2025,25.05,127.06,504.72,118.42,23.23,40.42,8.41,50.29,6.34,170.5,80.65,216.6,6.26,30.6,49.08,277.26,79.69,23.34,8.13,190.24,6.27,95.65
4/24/2025,25.63,127.72,510.38,119.42,23.5,40.37,8.44,50.33,6.38,172.12,81.01,214.85,6.25,30.78,49.24,282.15,80.32,23.42,8.22,191.78,6.2,96.04
4/25/2025,25.91,128.2,512.68,119.8,23.4,40.86,8.29,50.41,6.37,174.58,81.31,218.15,6.24,30.61,49.27,277.33,80.12,23.41,8.37,193.74,6.14,95.49
4/28/2025,25.85,128.8,513.46,120.14,23.44,41.21,8.36,50.98,6.41,175.18,81.71,220.9,6.22,30.69,49.49,281.64,80.44,23.48,8.23,192.72,6.14,95.5
4/29/2025,26.13,129.36,516.3,120.7,23.47,41.18,8.38,51.3,6.45,176.96,82,223.15,6.21,30.85,49.67,279.91,80.6,23.48,8.32,193.5,6.17,95.29
4/30/2025,26.15,130.02,517.7,121.14,23.01,40.76,8.4,51.2,6.5,175.8,82.49,219.45,6.22,30.98,49.77,280.96,80.99,23.51,8.3,193.74,6.2,95.31
5/1/2025,27.34,132.32,532.36,124.14,23.45,41.35,8.49,51.52,6.61,179.12,83.94,223.9,6.43,31.92,51.23,275.38,82.57,23.51,8.3,193.74,6.2,95.31
5/2/2025,27.34,132.32,532.36,124.14,23.45,41.35,8.49,51.52,6.61,179.12,83.94,223.9,6.43,31.92,51.23,275.38,82.57,23.37,8.59,198.2,6.49,96.93
5/5/2025,27.21,132.78,531.94,124.44,23.34,41.65,8.6,52.07,6.61,179.84,84.27,225.35,6.47,32.4,51.36,281.83,83,23.33,8.29,198.84,6.55,94.94
5/6/2025,27,132.44,528.42,123.78,22.94,41.56,8.5,52.07,6.53,180.26,84,225.2,6.53,32.15,50.85,288.63,82.43,23.35,8.34,197.3,6.58,95.24
5/7/2025,26.89,131.8,526.14,123.14,23.16,41.26,8.36,51.72,6.35,179.34,83.6,224.85,6.37,31.75,50.68,287.55,82.43,23.41,8.55,197.12,6.38,95.6
5/8/2025,27.65,132.44,536.88,125,23.51,41.46,8.17,52.14,6.42,182.18,83.9,229.25,6.48,31.99,51.84,285.69,84.06,23.36,8.93,199.72,6.48,96.28
5/9/2025,27.58,133.1,535.48,124.94,24.22,41.69,8.21,52.11,6.43,184,84.33,231.25,6.48,32.16,51.91,285.85,83.86,23.35,9.14,199.86,6.43,96.53
5/12/2025,29.03,134.86,556.52,129.04,24.33,42.01,8.74,53.32,6.56,186.56,85.46,236,6.76,33.24,54.14,280.61,86.86,23.26,9.26,203.75,6.79,97.52
5/13/2025,29.73,134.94,561.46,129.72,24.52,42.33,8.66,52.6,6.49,187.38,85.5,236.25,6.72,33.16,54.42,280.25,87.28,23.25,9.26,204.6,6.71,96.61
5/14/2025,29.97,134.66,560.48,129.46,24.5,42.55,8.64,52.01,6.4,188.56,85.3,239.7,6.79,33.4,53.87,273.96,86.39,23.22,9.23,203.7,6.69,96.33
5/15/2025,30.07,135.6,562,129.92,24.17,42.82,8.77,52.62,6.41,188.76,85.68,239.05,6.66,33.29,53.87,277.11,86.83,23.27,9.19,204.7,6.54,96.37
5/16/2025,30.03,136.22,566.18,130.7,23.95,43.21,8.77,52.92,6.52,190,86.3,239.85,6.68,33.33,54.39,274.92,87.79,23.31,9.34,205.65,6.56,96.95
5/19/2025,29.74,136.62,562.2,130.08,23.89,43.35,8.73,52.43,6.51,190.96,86.55,242.5,6.64,33.11,53.66,276.73,87.22,23.26,9.31,206.4,6.52,95.55
5/20/2025,29.66,137.7,562.54,130.24,23.94,44.03,8.61,52.71,6.57,192.72,87.19,245.2,6.68,33.05,54.05,280.6,87.44,23.26,9.34,206.8,6.56,95.91
5/21/2025,29.55,137.62,556.74,129.32,23.61,43.96,8.57,52.47,6.53,192.82,87.16,245.2,6.67,33.04,53.06,281.33,85.82,23.19,9.57,205.2,6.55,95.01
5/22/2025,29.26,136.8,552.16,128.42,23.41,43.89,8.54,52.43,6.43,191.38,86.6,244.85,6.64,32.85,52.32,281.14,84.75,23.17,9.86,205.9,6.47,96.11
5/23/2025,28.67,135.58,544.86,127.14,23.03,43.38,8.61,52.41,6.39,187.62,85.83,239.35,6.61,32.75,51.85,285.41,83.93,23.2,9.67,202.15,6.39,95.45
5/26/2025,29,137.2,549.52,128.18,23.85,43.72,8.65,52.99,6.44,190.16,86.91,242.75,6.51,32.79,52.24,282.74,84.62,23.25,9.68,204.4,6.32,95.18
5/27/2025,29.28,137.44,554.48,129.08,23.94,43.75,8.64,53.78,6.5,190.88,87.01,243.6,6.51,32.74,53.07,279.97,85.44,23.33,9.7,205.35,6.35,95.41
5/28/2025,29.47,136.54,556.74,129.18,24.29,43.38,8.61,53.11,6.51,190.78,86.43,241.55,6.45,32.75,53.02,281.05,85.46,23.28,9.51,204.3,6.28,95.98
5/29/2025,29.48,136.36,553.66,128.6,23.92,43.38,8.59,53,6.52,190.26,86.27,242.5,6.47,32.69,52.59,281.16,84.65,23.42,9.45,203.5,6.36,95.28
5/30/2025,29.17,136.64,553.32,128.48,23.76,43.46,8.57,53.11,6.54,190.5,86.49,242.75,6.36,32.38,52.6,279.14,84.84,23.37,9.31,202.55,6.24,97.36
6/2/2025,29.17,136.4,549.76,127.96,23.56,43.6,8.54,53.3,6.49,190.06,86.32,242.6,6.35,32.28,52.13,284.5,83.93,23.33,9.13,203.35,6.23,94.45
6/3/2025,29.84,136.58,558.4,129.44,23.31,43.21,8.51,53.26,6.57,190.54,86.47,242.6,6.45,32.6,53.33,283.6,85.32,23.37,9.38,204.1,6.27,95.64
6/4/2025,29.88,137.18,557.8,129.58,23.51,43.22,8.47,52.95,6.6,190.46,86.88,240.75,6.55,32.88,53.1,284.45,85.29,23.4,9.24,204.9,6.4,95.25
6/5/2025,30.08,137.44,558.16,129.68,23.19,43.59,8.52,52.54,6.6,191.7,87,244.55,6.57,33.1,53.17,282.66,85.1,23.41,9.15,204.8,6.48,94.84
6/6/2025,30.05,137.86,560.14,130.18,22.8,43.7,8.66,52.92,6.66,193.1,87.36,246.15,6.55,33.18,53.94,281.76,85.61,23.33,9.21,205.65,6.41,95.9
6/9/2025,30.05,136.14,555.94,129.2,23.05,43.35,8.52,52.41,6.51,189.8,86.2,244.5,6.57,33.38,53.07,283.2,84.53,23.35,9.45,205.65,6.59,95.73
6/10/2025,30.05,136.14,555.94,129.2,23.05,43.35,8.52,52.41,6.51,189.8,86.2,244.5,6.57,33.38,53.07,283.2,84.53,23.35,9.52,205.5,6.52,96.9
6/11/2025,30.05,136.14,555.94,129.2,23.05,43.35,8.52,52.41,6.51,189.8,86.2,244.5,6.57,33.38,53.07,283.2,84.53,23.41,9.56,204.6,6.57,94.25
6/12/2025,30.05,136.14,555.94,129.2,23.05,43.35,8.52,52.41,6.51,189.8,86.2,244.5,6.57,33.38,53.07,283.2,84.53,23.46,9.28,203.4,6.43,93.7
6/13/2025,30.05,136.14,555.94,129.2,23.05,43.35,8.52,52.41,6.51,189.8,86.2,244.5,6.57,33.38,53.07,283.2,84.53,23.39,9.13,200.35,6.29,97.02
6/16/2025,30.05,136.14,555.94,129.2,23.05,43.35,8.52,52.41,6.51,189.8,86.2,244.5,6.57,33.38,53.07,283.2,84.53,23.45,9.28,202.05,6.4,101.17
6/17/2025,30.08,135.02,555.84,128.86,23.15,42.79,8.45,51.97,6.48,187.32,85.45,239,6.55,33.17,53.02,282.7,84.53,23.4,9.05,199.84,6.36,96.02
6/18/2025,30.08,134.5,555.6,128.76,23.09,42.85,8.42,52.52,6.48,187.42,85.17,240.4,6.48,33.1,53.29,283.28,84.51,23.48,9.1,199.86,6.24,95.96
6/19/2025,29.8,133.4,550.84,127.62,22.8,42.31,8.34,52.16,6.42,185.22,84.49,235.8,6.38,32.67,52.41,282.91,83.9,23.42,9.09,197.02,6.13,96.26
6/20/2025,30,133.7,553.42,128.04,23.23,42.59,8.48,51.63,6.44,186.52,84.66,237.85,6.41,32.86,53.06,281.43,84.62,23.46,9.04,198.08,6.15,95.71
6/23/2025,29.97,133.26,552.76,127.76,22.77,42.54,8.43,51.32,6.42,185.16,84.39,235.2,6.45,32.83,52.9,282.57,84.3,23.49,8.81,198.48,6.23,97.9
6/24/2025,30.47,134.74,558.02,129.16,23.52,43.1,8.5,51.54,6.48,188.04,85.32,241.85,6.58,33.55,53.73,274.69,84.95,23.5,9.09,201.3,6.37,94.41
6/25/2025,30.7,133.66,558.68,129.08,23.43,42.33,8.52,51.45,6.46,187.34,84.68,238.9,6.59,33.63,53.3,275.35,84.48,23.49,9.2,199.36,6.37,95.36
6/26/2025,30.72,133.94,558.36,129.16,24.04,42.49,8.59,52.05,6.48,187.44,84.78,238.9,6.55,33.64,53.27,273.35,84.49,23.51,9.13,199.22,6.37,94.32
6/27/2025,30.97,135.5,562.48,130.1,24.14,43.01,8.64,53.03,6.47,189.44,85.77,242.95,6.51,33.59,53.9,268.97,84.95,23.53,9.13,202.4,6.34,94.67
6/30/2025,30.88,134.9,561.64,129.78,24.39,43.08,8.53,52.59,6.46,189.54,85.31,242.3,6.45,33.47,53.6,269.59,84.72,23.51,9.13,201.15,6.3,94.25
7/1/2025,30.6,134.62,561,129.58,24.17,43.04,8.57,52.35,6.5,188.64,85.18,239.15,6.48,33.51,53.95,273.36,85.69,23.54,9.01,200.7,6.3,94.51
7/2/2025,30.89,134.9,562.5,129.92,24.28,43.31,8.54,52.17,6.51,189.64,85.4,242.8,6.43,33.57,54.35,273.27,85.69,23.49,9.2,201.8,6.2,94.66
7/3/2025,31.48,135.54,569.18,131.22,24.85,43.74,8.56,52.42,6.54,190.12,85.75,245.7,6.42,33.9,55.24,272.62,86.48,23.5,9.29,202.55,6.17,94.81
7/4/2025,31.19,134.88,565.06,130.28,24.68,43.37,8.54,52.05,6.52,188.86,85.32,242.4,6.4,33.55,54.7,272.44,85.79,23.53,9.16,200.15,6.15,94.33
7/7/2025,31.33,135.56,567.18,130.7,24.57,43.74,8.55,51.77,6.5,190.32,85.75,246.1,6.46,33.65,54.81,272.57,86.1,23.45,9.25,202.7,6.23,95.1
7/8/2025,31.38,136.12,567.08,130.74,24.79,43.72,8.58,51.66,6.56,191.58,86.07,248.6,6.51,33.74,55.1,271.18,86.4,23.41,9.25,204.4,6.31,95.34
7/9/2025,31.54,137.14,568.8,131.1,24.9,44.24,8.55,51.63,6.59,194.4,86.75,254.95,6.43,33.67,55.2,272.28,86.23,23.43,9.31,207.1,6.17,94.75
7/10/2025,31.75,137.88,573.54,132,24.43,43.79,8.53,51.69,6.74,193.18,87.24,250.85,6.49,33.88,56.16,273.76,87.56,23.44,9.53,206.4,6.19,95.13
7/11/2025,31.72,136.4,570.66,131.28,24.42,43.44,8.46,51.24,6.63,191.04,86.26,246.35,6.5,33.76,55.48,276.95,86.5,23.4,10.05,204.2,6.22,95.26
7/14/2025,31.56,136.36,571.26,131.44,24.75,43.52,8.45,51.38,6.63,191.52,86.24,247.35,6.56,33.84,55.41,275.88,86.54,23.35,10.28,204.3,6.29,95.01
7/15/2025,32.29,135.82,576.14,132.24,24.54,43.01,8.53,51.16,6.58,190.28,85.92,244.55,6.69,34.27,55.58,276.61,86.62,23.33,10.03,203.3,6.49,96.1
7/16/2025,31.6,134.9,566.16,130.4,24.45,43.07,8.49,50.78,6.51,189.96,85.31,244.1,6.64,34.04,54.11,277.68,84.74,23.34,10.16,202.5,6.42,94.73
7/17/2025,32.57,136.38,578.72,133.04,24.97,43.35,8.52,51.78,6.65,191.22,86.26,246.4,6.76,34.67,56.27,277.21,86.96,23.42,10.24,203.7,6.58,95.74
7/18/2025,32.35,136.28,576.48,132.58,25.57,43.33,8.43,51.21,6.59,192.14,86.18,246.45,6.84,34.57,55.77,277.18,86.78,23.39,10.1,202.7,6.7,95.05
7/21/2025,32.42,136.22,577.14,132.74,25.45,43.46,8.45,51.62,6.51,191.96,86.14,246.6,6.83,34.61,55.8,279.61,86.67,23.48,10.13,202.65,6.66,95.4
7/22/2025,31.91,135.72,572.34,131.88,25.11,43.47,8.38,51.59,6.57,192.04,85.81,246.1,6.87,34.35,55.36,281.13,86.53,23.52,10.15,200.7,6.69,95.1
7/23/2025,31.92,137.14,575.84,133.06,25.25,43.81,8.4,53.73,6.71,194.54,86.71,250.3,6.96,34.67,55.99,280.52,87.4,23.46,10.09,205.15,6.78,95.25
7/24/2025,32.15,137.4,577.66,133.26,25.52,44.15,8.3,53.75,6.77,194.24,86.85,255.75,6.94,34.5,55.58,275.96,87.35,23.42,10.09,203.25,6.73,95.2
7/25/2025,32.36,137.12,580.08,133.4,25.47,44.08,8.21,53.18,6.75,194.78,86.67,255.6,6.91,34.38,55.45,273.33,87.42,23.41,9.85,203.6,6.71,95.78
7/28/2025,32.8,136.86,586.9,134.54,24.9,44.08,8.25,52.88,6.8,194.7,86.57,255.3,7,34.61,56.2,274.92,88.45,23.43,10.18,202.55,6.74,96.78
7/29/2025,33.15,137.24,589.44,135.08,25.23,44.46,8.32,53.01,6.82,197.08,86.68,259.95,7.03,34.83,56.24,277.65,88.63,23.48,10.18,204.35,6.72,97.26
7/30/2025,33.37,137.16,592.76,135.7,25.46,44.53,8.26,53.52,6.86,199.04,86.68,263.25,6.98,34.86,56.88,276.22,89.08,23.46,10.3,205.05,6.59,97.06
7/31/2025,33.69,136.24,595.82,135.9,25.17,44.67,8.28,53.45,6.79,195.88,86.01,265.1,6.94,34.81,56.25,277.61,88.6,23.51,10.34,201.9,6.63,97.65
8/1/2025,32.45,132.92,576.04,132.04,24.64,43.81,8.19,53.07,6.56,190.92,84.01,256.3,6.73,34.07,54.03,279.42,85.96,23.59,9.91,196,6.41,94.26
8/4/2025,32.92,134.8,582.2,133.44,24.97,44.62,8.13,53.89,6.63,194.4,85.17,263.05,6.84,34.34,54.93,280.91,87.07,23.62,9.92,199.2,6.56,95.43
8/5/2025,32.69,134.92,579.78,133.22,24.7,44.67,8.12,53.83,6.68,194.68,85.22,262.3,6.9,34.47,55.13,281.43,86.68,23.63,9.74,199.76,6.6,95.35
8/6/2025,32.88,134.94,581.38,133.46,25.31,45.15,8.02,54.23,6.54,195.96,85.18,265.85,6.78,34.32,55.28,279.37,86.5,23.61,9.91,200.05,6.55,94.8
8/7/2025,33.21,136.3,581.24,133.9,26.02,45.65,8.08,54.63,6.51,198,86,271.15,6.8,34.68,54.85,280.32,85.94,23.66,10.02,202.4,6.57,95.58
8/8/2025,33.22,136.42,583.18,134.2,26.37,46.11,7.97,55.38,6.56,199.02,86.19,275.9,6.78,34.55,55.01,280.26,86.14,23.58,9.96,203.45,6.5,95.46
8/11/2025,33.63499832,136.3399963,587.5800171,135.0399933,26.05500031,46.23500061,8.055000305,55.72399902,6.576000214,198.8999939,86.12999725,277.5499878,6.782000065,34.73799896,55.34000015,278.2099915,86.33999634,23.56699944,10.37,202.45,6.51,96.21
8/12/2025,33.49000168,136.6799927,587,135.0200043,26.26000023,46.30500031,8.029000282,56.05599976,6.616000175,200.6999969,86.29499817,278.6000061,6.815999985,34.81700134,56.09999847,276.5499878,86.62999725,23.54100037,10.26,203,6.5,95.82
8/13/2025,33.49000168,137.3800049,587.6799927,135.3000031,26.35499954,46.72000122,8.043999672,55.90200043,6.735000134,201.6999969,86.81500244,281.1499939,7.005000114,35.1269989,56.95000076,275.6900024,87.16999817,23.63400078,10.3,204.8,6.72,95.8
8/14/2025,33.59999847,138.3600006,591.2399902,135.9199982,25.86000061,47.27500153,8.034999847,55.87400055,6.775000095,203.8500061,87.44000244,284.5,6.927999973,34.89199829,56.90000153,276.1099854,87.66000366,23.56900024,10.14,207,6.57,96.07
8/15/2025,33.24000168,138.2799988,588.2800293,135.4799957,25.90999985,47.51499939,8.045000076,56.50799942,6.803999901,203.8500061,87.46499634,286,6.927999973,34.81000137,56.5,276.1099854,87.19000244,23.56299973,10.01,207.4,6.59,95.64
8/18/2025,33.27999878,138.3399963,589.0599976,135.8000031,26,47.375,8.211000443,56.79800034,6.864999771,203.9499969,87.5,282.3500061,6.991000175,35.0890007,56.88999939,275.1099854,87.48999786,23.48999977,9.91,206.8,6.67,96.05
8/19/2025,33.03499985,139.3399963,588.2600098,135.8200073,26.20999908,47.61000061,8.274999619,56.7179985,6.864999771,205.6999969,88.16999817,284.9500122,6.964000225,34.95899963,56.75,274.5599976,87.93000031,23.53100014,9.77,207.85,6.63,95.96
8/20/2025,33.03499985,139.6199951,588.2600098,135.8200073,26.20999908,47.47499847,8.274999619,56.7179985,6.864999771,205.6999969,88.29000092,284.9500122,6.964000225,34.95899963,56.75,274.5599976,87.93000031,23.54899979,9.78,207.8,6.59,95.38
8/21/2025,32.65999985,139.6600037,587.0599976,135.5399933,26.55500031,47.55500031,8.31799984,56.22000122,6.910999775,205.6499939,88.28500366,285.3999939,7.032999992,35,56.66999817,277.2200012,88,23.49200058,9.73,207.45,6.66,96.12
8/22/2025,32.875,140.2400055,590.2999878,136.3999939,25.03000069,47.93999863,8.234000206,56.56600189,6.947000027,207.3000031,88.66000366,285.4500122,7.138999939,35.26699829,58.52999878,277.6099854,88.88999939,23.57600021,9.97,208.55,6.86,95.47
8/25/2025,32.99000168,139.4400024,590.7800293,136.2400055,25.21500015,47.40999985,8.243000031,56.15999985,6.893000126,206.75,88.19000244,282.6000061,7.205999851,35.38299942,58.31999969,278.1199951,88.55999756,23.56200027,9.626999855,206.8,6.94,96.05
8/26/2025,32.93500137,138.4400024,589.9400024,135.9799957,25.24500084,46.92499924,8.13599968,55.9620018,6.864999771,203.9499969,87.55000305,275.4500122,7.202000141,35.22800064,58.54999924,279.4700012,88.38999939,23.54400063,9.425999641,204.75,6.96,96.76
8/27/2025,33.25500107,138.5200043,595.9799805,136.8200073,24.78499985,46.63499832,8.156000137,55.99399948,6.889999866,202.6499939,87.61499786,271.2999878,7.019999981,35.07400131,59.16999817,281.0899963,89.19000244,23.57299995,9.617500305,204.75,6.75,97.83
8/28/2025,33.26499939,138.3200073,593.4199829,136.5399933,24.49500084,46.83499908,8.083000183,56.34400177,6.830999851,203.0500031,87.51000214,272.1499939,7.03399992,35.04600143,58.95000076,281.230011,88.48000336,23.59900093,9.657999992,205.15,6.83,95.88
8/29/2025,32.75,137.4199982,589.2000122,135.4799957,24.10499954,46.36000061,7.964000225,55.42399979,6.826000214,201.8000031,86.93499756,270.8999939,7.111999989,34.79700089,58.50999832,283.5899963,88.30000305,23.57099915,9.276000023,203.6,6.85,95.93
9/1/2025,32.79999924,137.7599945,590.6400146,135.8800049,23.95000076,46.45000076,8.067000389,55.83399963,6.879000187,202.8000031,87.18000031,272.8999939,7.147999763,34.86399841,58.63999939,286.1499939,88.55999756,23.5510006,9.287500381,203.85,6.89,96.01
9/2/2025,32.20000076,135.5599976,583.6599731,134.3999939,23.90999985,45.74499893,8.052000046,55.35800171,6.855999947,199.5800018,85.88500214,268.5499878,7.156000137,34.76499939,58.06000137,290.3999939,87.73999786,23.52799988,9.522999763,201.55,6.85,95.93
9/3/2025,32.65999985,136.5,588.7000122,135.3000031,24.12000084,45.93500137,8.105999947,55.36000061,6.899000168,199.7400055,86.48500061,269.7999878,7.135000229,34.99300003,58.27000046,293.9599915,87.59999847,23.58499908,9.599499702,202.3,6.81,96.22
9/4/2025,32.85499954,137.3399963,593.8400269,136.2799988,24.56500053,46.42499924,8.100000381,56.02199936,6.901000023,200.75,87.01499939,273.4500122,7.028999805,34.89199829,58.77999878,293.2000122,88.34999847,23.625,9.390500069,203.3,6.68,97.47
9/5/2025,32.68000031,137.2400055,588.7199707,135.5599976,24.45000076,46.20999908,8.043000221,55.91799927,6.971000195,199.0200043,86.91999817,270.5,7.104000092,35.05500031,58.72999954,294.2399902,87.79000092,23.72200012,9.43200016,202,6.74,95.78
9/8/2025,33.11500168,137.8999939,591.7399902,136.4400024,24.92000008,46.68500137,8.098999977,57.04800034,6.965000153,199.5,87.37000275,274.0499878,7.18900013,35.34600067,59,298.1000061,87.83000183,23.77499962,9.587499619,203.6,6.85,97.72
9/9/2025,32.90499878,137.9799957,592.1199951,136.5800018,24.56999969,46.77999878,8.100999832,56.48199844,6.960000038,200.8999939,87.375,276.5,7.298999786,35.64199829,58.84999847,298.8999939,87.90000153,23.73500061,9.479000092,204.25,6.96,97.97
9/10/2025,33.71500015,137.9400024,595.5999756,137.3800049,24.27000046,47.36999893,8.18200016,56.94200134,6.906000137,201.0500031,87.34999847,278.6000061,7.289000034,36.00600052,58.86000061,299.519989,87.63999939,23.75799942,9.712499619,203.5,6.97,98.83
9/11/2025,33.75999832,138.7799988,599.460022,138.3000031,24.75499916,47.61500168,8.178999901,57.40599823,6.96999979,202.6999969,87.79499817,280.7999878,7.400000095,36.26900101,59.61999893,298.25,88.72000122,23.81599998,9.755999565,204.9,7.09,99
9/12/2025,33.85499954,138.6000061,600.539978,138.3399963,24.56999969,47.57500076,8.197999954,57.01200104,6.925000191,203.3999939,87.75,281.4500122,7.421999931,36.3219986,59.38999939,299.5599976,88.59999847,23.73900032,9.818499565,205.1,7.11,99.62
9/15/2025,33.84999847,139.1799927,600.7000122,138.5800018,24.88999939,47.85499954,8.203000069,57.25,6.843999863,205.8000031,88.11000061,285.2999878,7.455999851,36.44300079,59.27000046,300.0899963,88.12000275,23.79199982,9.738499641,206.5,7.21,99.23
9/16/2025,33.65499878,137.5800018,596.0999756,137.5399933,24.40500069,47.20500183,8.204000473,56.84000015,6.803999901,203.1499939,87.08999634,279.5499878,7.418000221,36.3390007,58.5,299.3200073,87.01000214,23.80999947,9.735500336,204.5,7.21,98.16
9/17/2025,33.27000046,137.6199951,595.2199707,137.6399994,24.32999992,47.09500122,8.291999817,56.91600037,6.84800005,200.5500031,87.08000183,276.7999878,7.55700016,36.66400146,59.36999893,299.5799866,87.63999939,23.81200027,9.770000458,204.1,7.46,98.89
9/18/2025,34.04000092,138.6600037,602.960022,138.9600067,24.33499908,47.32500076,8.274999619,57.35400009,6.907999992,202.1000061,87.80999756,278.8999939,7.487999916,36.71300125,60.29000092,297.5100098,88.27999878,23.73200035,9.961999893,207.55,7.47,99.93
9/19/2025,34.19499969,138.4799957,603.960022,139.0399933,24.125,47.54999924,8.319000244,56.90999985,6.936999798,202.4499969,87.73999786,281.7999878,7.504000187,36.75299835,60.47999954,300.9700012,88.18000031,23.7310009,9.855500221,207.6,7.5,100.49
9/22/2025,34.61500168,138.2200012,605.7800293,139.2799988,24.18000031,46.95999908,8.230999947,56.98199844,6.962999821,202.8000031,87.58999634,278.9500122,7.46600008,36.72999954,60.38999939,305.2000122,88.08999634,23.72999954,9.562000275,207.05,7.45,99.86
9/23/2025,34.81499863,138.7200012,606.2399902,139.5200043,24.30500031,47.31999969,8.147000313,57.01800156,6.952000141,203.3000031,87.79499817,280.4500122,7.421999931,36.9090004,61.00999832,308.769989,88.48000336,23.70700073,9.579999924,207.85,7.37,100.06
9/24/2025,34.57500076,138.3200073,605.2999878,139.3399963,24.51000023,47.42499924,8.119000435,57.02399826,6.862999916,203.1000061,87.61000061,281.0499878,7.526000023,36.84700012,60.56000137,307.3399963,88.55000305,23.70599937,9.681500435,207.7,7.54,101.22
9/25/2025,34.70000076,137.4799957,605.1599731,139.1399994,24.19499969,47.24499893,8.116000175,56.97399902,6.764999866,201.75,87.13500214,280.2000122,7.586999893,36.78900146,59.93999863,307.9100037,88.20999908,23.65099907,9.521499634,207.25,7.63,102.5
9/26/2025,34.56000137,138.6199951,605.0800171,139.0599976,24.53499985,48.01499939,8.022000313,56.87200165,6.77699995,203.8500061,87.86000061,284.8999939,7.505000114,36.47800064,60.02999878,311.1199951,88.62999725,23.69400024,9.347999573,209.1,7.43,101.03
9/29/2025,34.83000183,138.8000031,606.5599976,139.6000061,24.53000069,47.83000183,7.995999813,56.86600113,6.837999821,203.5500031,87.97499847,282.1000061,7.625999928,36.79299927,60.09000015,314.0599976,88.68000031,23.73900032,9.718999863,209.3,7.57,100.89
9/30/2025,34.96500015,139.3800049,605.7600098,139.4600067,24.56999969,48.23500061,7.964000225,56.33800125,6.909999847,204.3000031,88.34999847,282.6499939,7.668000221,36.82799911,59.70999908,315.0899963,88.51999664,23.75200081,9.661499977,210.25,7.68,100.24
10/1/2025,34.96500015,139.3800049,605.7600098,139.4600067,24.56999969,48.23500061,7.964000225,56.33800125,6.909999847,204.3000031,88.34999847,282.6499939,7.668000221,36.82799911,59.70999908,315.0899963,88.51999664,23.75200081,9.661499977,213.5,7.7,101.08
10/2/2025,35.58499908,141.9199982,612.3599854,141.0599976,24.98999977,48.29999924,8.041999817,56.47600174,7.184999943,206.4499969,89.96499634,282.8500061,7.833000183,37.39199829,60.52000046,315.1799927,89.45999908,23.75900078,10.21700001,215.1,7.97,102.07
10/3/2025,35.66500092,142.5399933,613.9199829,141.6600037,24.95499992,48.53499985,8.055000305,57.54999924,7.261000156,207.1999969,90.34500122,284.0499878,7.758999825,37.51100159,61.47000122,318.5799866,90,23.75499916,10.36499977,215.05,7.89,102.27
10/8/2025,36.16500092,143.3999939,621.1599731,143.1600037,25.17000008,48.92499924,8.187000275,57.89799881,7.304999828,208.3999939,90.94499969,280.5499878,7.748000145,37.9640007,61.86999893,335.1700134,90.63999939,23.79400063,10.5340004,214.85,7.85,106.53
10/9/2025,36.45000076,142.7400055,622.460022,143.1600037,25.12999916,48.51499939,8.260000229,58.02999878,7.322000027,205.1000061,90.46499634,278.75,7.711999893,37.92399979,62.02999878,334.0799866,90.48999786,23.73999977,10.46100044,213.6,7.71,107
10/10/2025,35.39500046,140.8399963,609.5599976,140.1199951,24.82500076,48.11999893,8.234999657,55.90599823,7.144999981,201.4499969,89.30000305,275.7000122,7.329999924,36.7519989,60.40999985,332.2999878,88.58999634,23.80400085,10.24199963,210.25,7.19,104.79
10/13/2025,35.83000183,141.6999969,614.6199951,141.4400024,25.19000053,48.36000061,8.305000305,56.36600113,7.199999809,201.75,89.78500366,277,7.512000084,37.58200073,61.49000168,340.8900146,89.12999725,23.81699944,9.887999535,211.9,7.43,107.71
10/14/2025,35.27999878,141.2400055,611.460022,140.8399963,24.81999969,48.43999863,8.24600029,56.80400085,7.109000206,201.6499939,89.5,277.8500061,7.407999992,37.13100052,61.72000122,343.8099976,89.12999725,23.86199951,9.625499725,213.2,7.23,104.64
10/15/2025,35.43500137,141.8800049,614.5,141.6799927,25.37999916,48.36000061,8.347000122,57.48199844,7.197999954,200.8000031,89.99500275,276.2000122,7.460000038,37.63499832,62.77999878,346.3800049,89.55999756,23.93499947,9.531000137,211.85,7.31,104.76
10/16/2025,35.52000046,142.9799957,612.4000244,141.7400055,25.28499985,48.58499908,8.432999611,57.55400085,7.296000004,203,90.66500092,279.1499939,7.472000122,37.91999817,62.25,352.3500061,89.11000061,23.9109993,9.418000221,214.95,7.26,105.13
10/17/2025,34.97999954,141.6000061,605.8400269,140.1000061,25.07500076,48.50500107,8.465000153,57.58399963,7.21600008,200.1000061,89.84999847,271.7999878,7.376999855,37.52700043,60.45999908,351.3099976,88.37999725,23.92000008,9.06400013,213.75,7.08,104.49
10/20/2025,35.98500061,143.0200043,617.4000244,142.6600037,25.63999939,49.24000168,8.517999649,58.86800003,7.343999863,203.1499939,90.73000336,274.9500122,7.517000198,38.26300049,61.86999893,359.1799927,89.58000183,23.92900085,9.545000076,216.5,7.25,106.63
10/21/2025,36.04000092,143.3600006,620.8800049,143.1199951,25.55500031,49,8.536999702,58.45000076,7.416999817,204.3999939,90.91500092,273.5499878,7.495999813,38.13299942,62.34000015,342,90.61000061,23.99900055,9.734999657,215.95,7.22,107.6
10/22/2025,35.51499939,143.1399994,616.8800049,142.3800049,26.02000046,49.07500076,8.652000427,58.16799927,7.389999866,202.1000061,90.72000122,272.75,7.438000202,38.01300049,61.25,334.3599854,90.37000275,23.95899963,9.298500061,213.7,7.14,105.95
10/23/2025,36.02000046,143.5800018,619.6199951,143,26.29500008,49.11000061,8.572999954,58.16600037,7.399000168,203,91.01000214,272.8500061,7.554999828,38.23899841,61.70999908,343.5599976,90.20999908,23.94300079,9.476499557,215.7,7.25,106.52
10/24/2025,36.56000137,143.8999939,625.6799927,144.1000061,26.08499908,49.27000046,8.522000313,58.38399887,7.447999954,203.4499969,91.19999695,272.6000061,7.607999802,38.46900177,62.83000183,341.6199951,90.91000366,23.92200089,9.489500046,215.8,7.36,106.5
10/27/2025,37.08499908,144.2799988,630.2600098,145.0399933,26.26000023,49.64500046,8.538000107,58.91999817,7.434000015,205.5,91.37999725,276.3999939,7.730999947,38.79100037,62.65000153,330.0100098,90.81999969,23.94000053,9.911999702,217.3,7.51,106.74
10/28/2025,37.49000168,144.0200043,631.5,145.2200012,26.76499939,50.08000183,8.508999825,58.9679985,7.388999939,206.3999939,91.19499969,277.3999939,7.623000145,38.68000031,62.74000168,327,90.34999847,23.95299911,9.868499756,217.05,7.36,106.4
10/29/2025,38.06499863,143.8000031,633.4400024,145.6000061,26.68499947,50.34000015,8.51099968,58.72399902,7.393000126,206.9499969,91.16500092,282.3999939,7.710000038,39.09000015,62.83000183,330.0299988,89.80999756,23.9470005,9.527999878,216.55,7.45,106.14
10/30/2025,38.08000183,143.7400055,634.5200195,145.6600037,26.54999924,50.04000092,8.536000252,59.11399841,7.431000233,206.6999969,91.125,281.5,7.642000198,38.93700027,62.36000061,332.8099976,90.01999664,23.87800026,9.333499908,217.15,7.31,107.34
10/31/2025,38.02999878,143.0800018,634.5,145.5399933,26.28499985,50.13999939,8.449000359,59.18199921,7.425000191,206.75,90.65499878,283.3500061,7.531000137,38.84000015,62.04000092,332.480011,89.61000061,23.87800026,9.520000458,215.5,7.22,108.63
11/3/2025,38.02999878,143.0800018,634.5,145.5399933,26.28499985,50.11999893,8.449000359,59.18199921,7.425000191,206.75,90.65000153,283.3500061,7.531000137,38.84000015,62.04000092,332.480011,89.61000061,23.81999969,9.520000458,216.5,7.18,106.86
11/4/2025,37.68500137,142.6600037,632.9799805,145.2599945,26.11000061,50.11999893,8.513999939,59.33599854,7.443999767,206.8500061,90.43000031,284.4500122,7.520999908,38.84500122,61.75999832,332.6900024,89.41000366,23.85099983,8.92800045,215,7.12,106.43
11/5/2025,37.65999985,142.9799957,634.0800171,145.4600067,26.08499908,50.56000137,8.515999794,59.04800034,7.361000061,207.8000031,90.72499847,285.6000061,7.539000034,38.90200043,61.93000031,333.7799988,89.62000275,23.79599953,9.015500069,216.55,7.08,107.02
11/7/2025,35.54999924,141.2599945,614.1400146,141.5399933,26.04500008,49.93000031,8.333999634,58.4640007,7.252999783,205.25,89.61499786,283.8999939,7.454999924,37.83200073,59.75,333.9500122,88.34999847,23.8409996,8.742500305,213,6.97,104.71
11/10/2025,36.84500122,143.3200073,627.4799805,144.5399933,26.60499954,50.95999908,8.449999809,59.09199905,7.331999779,210.1499939,90.88999939,294.0499878,7.613999844,38.38000107,61.45999908,341.2399902,89.29000092,23.81900024,9.090000153,216.5,7.13,106.68
11/11/2025,36.65999985,145.1199951,628.7600098,145.0200043,26.82999992,51.61999893,8.520999908,59.12599945,7.428999901,212.75,92.06999969,297.1000061,7.633999825,38.77199936,61.27000046,341.2600098,89.98999786,23.86499977,8.918999672,218.7,7.16,106.77
11/12/2025,36.86500168,146.1799927,631.6400146,145.7400055,26.42000008,52.40000153,8.515000343,59.69599915,7.554999828,214.3999939,92.76499939,303.2999878,7.618999958,38.94900131,61.54999924,348.269989,90.58000183,23.88899994,8.789999962,220.75,7.13,107.78
11/13/2025,36.07500076,145.2799988,622.5,143.8200073,26.61499977,52.24000168,8.430000305,58.85599899,7.559000015,214.3500061,92.20500183,302.3999939,7.59499979,38.54600143,60.13000107,347.7900085,89.70999908,23.8560009,8.68900013,217.65,7.1,106.87
11/14/2025,36.38999939,143.8800049,622.4199829,143.6799927,26.45499992,51.58000183,8.506999969,59.37799835,7.515999794,210.6000061,91.26000214,295.1000061,7.568999767,38.61600113,59.81999969,339.5599976,89.18000031,23.81800079,8.362999916,216.45,7.05,106.77
11/17/2025,36.01499939,143.0399933,620.4799805,143.0200043,26.05500031,50.97000122,8.545999527,58.83000183,7.531000137,209.6499939,90.73000336,291.2999878,7.459000111,38.35599899,59.40000153,337.9400024,88.77999878,23.78300095,8.060500145,213.25,6.91,106.43
11/18/2025,35.40000153,140.5,612.9000244,141.1799927,25.55999947,49.77999878,8.51099968,57.35200119,7.468999863,205.0500031,89.23000336,282.6000061,7.373000145,37.8429985,58.79999924,337.7000122,87.97000122,23.83300018,8.081000328,211.6,6.85,106.06
11/19/2025,35.65000153,140.3999939,614.7600098,141.3800049,26.03499985,50.06999969,8.597999573,57.41600037,7.497000217,204.0500031,89.12000275,284.2999878,7.329999924,37.94100189,59.09999847,340.3399963,87.87999725,23.77899933,7.756000042,211.75,6.72,107.18
11/20/2025,35.90000153,140.8999939,619.960022,142.2200012,25.91500092,50.27000046,8.630000114,57.5340004,7.613999844,205.5,89.41000366,287.1499939,7.30700016,37.90999985,59.47000122,339.4299927,88.38999939,23.77499962,7.667500019,210,6.69,107.7
11/21/2025,34.81000137,140.7200012,612.0800171,140.8000031,25.69000053,49.86500168,8.522000313,57.80400085,7.673999786,204.1999969,89.19000244,286.3500061,7.199999809,37.29299927,59.29999924,341,88.69000244,23.79700089,7.226500034,210.3,6.6,107
11/24/2025,35.66500092,140.8000031,621.4799805,142.4600067,25.65500069,50.27000046,8.512999535,58.2120018,7.802999973,204.8500061,89.31999969,287.7000122,7.335000038,37.67399979,60.49000168,342.269989,89.22000122,23.83300018,7.551000118,211,6.78,107.56
11/25/2025,35.24000168,142.1999969,622.1799927,142.8000031,26.19000053,50.97999954,8.437000275,58.19200134,7.876999855,206.5,90.11000061,293,7.34100008,37.55899811,61.45999908,344.6199951,89.97000122,23.88299942,7.524000168,213.1,6.79,107.42
11/26/2025,36.06000137,143.8200073,629.7800293,144.4199982,26.54500008,51.61999893,8.505000114,59,7.899000168,208.6499939,91.125,297.75,7.323999882,37.97499847,62.18999863,345.6199951,90.54000092,23.89500046,7.566500187,215.8,6.78,108.37
11/27/2025,35.91500092,143.9600067,629.0200195,144.2599945,26.29500008,51.61000061,8.501999855,58.85800171,7.901000023,209.1000061,91.14499664,298,7.290999889,37.88100052,62.18000031,344.9599915,90.5,23.89100075,7.869999886,215.45,6.75,108.26
11/28/2025,36.01499939,144.4400024,631.4000244,144.8399963,26.42000008,51.68999863,8.555999756,58.98400116,7.895999908,209.8999939,91.44499969,298.5,7.342000008,38.06900024,62.5,349.480011,91.05999756,23.95299911,7.887499809,216.6,6.8,108.18
12/1/2025,35.97499847,143.9400024,628.8200073,144.3000031,26.49500084,51.68000031,8.479999542,58.64799881,7.81099987,209.3500061,91.16500092,298.9500122,7.359000206,37.97000122,61.95000076,350.5,90.59999847,23.79800034,7.286499977,216.85,6.82,107.22
12/2/2025,36.31499863,144.1399994,628.7199707,144.2599945,25.92000008,51.99000168,8.395000458,58.47999954,7.748000145,209.9499969,91.28500366,302.75,7.289000034,37.87900162,61.84999847,346.9500122,90.12999725,23.80500031,7.803999901,217.2,6.72,108.64
12/3/2025,36.15999985,144.3600006,628.5,144.1799927,25.87999916,52.18999863,8.277999878,58.29000092,7.762000084,209.8500061,91.44499969,300.2999878,7.21999979,37.75099945,62.09000015,348.6799927,90.31999969,23.84700012,7.940000057,217.5,6.63,107.38
12/4/2025,36.24000168,144.9799957,628.9199829,144.5399933,25.97999954,52.63999939,8.352000237,59.00999832,7.788000107,210.6499939,91.86499786,303.9500122,7.255000114,37.85900116,62.90000153,348.0700073,90.55000305,23.80500031,7.953499794,218.2,6.72,106.97
12/5/2025,36.41500092,144.9600067,632.2800293,145.1600037,25.82999992,52.45000076,8.413999557,59.02000046,7.803999901,210.3000031,91.83000183,302.1499939,7.334000111,38.18999863,63.02000046,348.6900024,91.12000275,23.77099991,7.643499851,218.7,6.8,107.93
12/8/2025,36.79000092,144.8999939,630.7999878,144.8999939,25.91500092,52.54999924,8.258999825,58.91999817,7.78000021,210.25,91.83000183,304.3500061,7.27699995,38.02500153,63.20000076,347.4400024,90.69999695,23.71100044,7.751999855,218,6.79,107.1
12/9/2025,36.93500137,144.7400055,631.5200195,144.9799957,26.48500061,52.59000015,8.281000137,59.11999893,7.705999851,210.9499969,91.75499725,306.4500122,7.184999943,38.00099945,63.40000153,349.0700073,90.66000366,23.7159996,8.052000046,217.8,6.66,107.28
12/10/2025,36.68999863,144.8200073,629.8599854,144.7200012,26.62999916,52.72999954,8.260000229,58.97999954,7.688000202,210.1999969,91.80999756,307.4500122,7.210000038,38.04399872,63.25999832,347.2099915,90.56999969,23.70999908,7.916999817,218.25,6.7,107.12
12/11/2025,35.95000076,145.6399994,625.8599854,144.0800018,26.90500069,53.18999863,8.248999596,58.91999817,7.684000015,211.6999969,92.26999664,312.6499939,7.142000198,37.78699875,63.75999832,348.9500122,91.12999725,23.76399994,7.622000217,220.15,6.62,106.46
12/12/2025,35.41500092,144.7400055,621.9000244,143.1799927,27.03499985,52.97000122,8.18900013,58.79999924,7.631000042,210.8500061,91.75499725,307.5499878,7.133999825,37.44800186,63.27999878,351.2600098,90.87999725,23.70499992,7.664999962,218.95,6.61,107.15
12/15/2025,35.13999939,145.8200073,621.7999878,143.4600067,27.70000076,53.66999817,8.208000183,59.40999985,7.660999775,213.5500031,92.38999939,313.2000122,7.09499979,37.52399826,62.75999832,351.5700073,90.61000061,23.72400093,7.366499901,219,6.53,106.48
12/16/2025,34.83000183,145.2799988,617.7000122,142.4400024,27.375,53.31000137,8.121999741,58.79000092,7.574999809,213,91.98000336,312.6499939,6.977000237,36.99000168,62.22999954,351.8299866,90.16000366,23.80500031,7.444499969,218.15,6.41,106.43
12/17/2025,34.375,145.1000061,614.9400024,141.8000031,27.375,53.43999863,8.144000053,58.27000046,7.614999771,213.4499969,91.97499847,315,7.02699995,36.91600037,61.95000076,354.269989,90.04000092,23.73600006,7.330999851,216.8,6.45,106.64
12/18/2025,34.99499893,146.5599976,622.1400146,143.5200043,27.67000008,53.95000076,8.237999916,58.56999969,7.619999886,215.1999969,92.77500153,318.5499878,7.110000134,37.48899841,62.49000168,358.269989,90.73000336,23.7840004,7.506499767,218.75,6.52,107.45
12/19/2025,35.44499969,147.1000061,624.4799805,144.1799927,27.93499947,54.11999893,8.404000282,58.86999893,7.693999767,216.8999939,93.22499847,320.1499939,7.172999859,37.80799866,62.77000046,357.0899963,90.77999878,23.74099922,7.567500114,219.95,6.58,108.82
12/22/2025,35.44499969,146.8699036,624.4799805,144.1799927,27.93499947,53.96699905,8.404000282,58.86999893,7.693999767,216.8999939,93.01499939,320.1499939,7.172999859,37.80799866,62.77000046,357.0899963,90.77999878,23.74099922,7.567500114,218.95,6.6,110.09
12/23/2025,35.78499985,147.5,627.4400024,144.6999969,27.86499977,54.18000031,8.336999893,59.02999878,7.731999874,216.1999969,93.44000244,320.25,7.097000122,37.82899857,62.66999817,364.6300049,90.55999756,23.77099991,7.440000057,219.35,6.5,108.84
12/24/2025,35.78499985,147.5,627.4400024,144.6999969,27.86499977,54.18000031,8.336999893,59.02999878,7.710999966,216.1999969,93.44000244,320.25,7.097000122,37.82899857,62.66999817,364.6300049,90.55999756,23.77099991,7.440000057,219.35,6.5,108.13
12/25/2025,35.78499985,147.5,627.4400024,144.6999969,27.86499977,54.18000031,8.336999893,59.02999878,7.710999966,216.1999969,93.44000244,320.25,7.097000122,37.82899857,62.66999817,364.6300049,90.55999756,23.77099991,7.440000057,219.35,6.5,108.13
12/26/2025,35.78499985,147.5,627.4400024,144.6999969,27.86499977,54.18000031,8.336999893,59.02999878,7.710999966,216.1999969,93.44000244,320.25,7.097000122,37.82899857,62.66999817,364.6300049,90.55999756,23.77099991,7.440000057,219.35,6.5,108.13
12/29/2025,35.86999893,147.6199951,628.7000122,144.9799957,27.85499954,54.29000092,8.239999771,58.93999863,7.703000069,216.1999969,93.45500183,318.75,7.083000183,38.14199829,62.22999954,355.2000122,90.90000153,23.8239994,7.447500229,219.55,6.52,109.14
12/30/2025,35.94499969,148.4600067,629.2199707,145.4199982,28.09499931,54.70000076,8.270000458,59.15999985,7.662000179,216.1999969,94.06500244,323.2999878,7.139999866,38.34799957,62.34000015,357.2900085,91.04000092,23.84600067,7.468999863,221.2,6.65,108.85
12/31/2025,35.94499969,148.4600067,629.2199707,145.4199982,28.09499931,54.70000076,8.270000458,59.15999985,7.671000004,216.1999969,93.83499908,323.2999878,7.139999866,38.34799957,62.34000015,357.2900085,91.04000092,23.84600067,7.468999863,221.2,6.65,108.52
1/1/2026,35.94499969,148.4600067,629.2199707,145.4199982,28.09499931,54.70000076,8.270000458,59.15999985,7.671000004,216.1999969,93.83499908,323.2999878,7.139999866,38.34799957,62.34000015,357.2900085,91.04000092,23.84600067,7.468999863,221.2,6.65,108.52
1/2/2026,35.67499924,149.3200073,624.7399902,145.1399994,28.94000053,55.27000046,8.418000221,59.09999847,7.681000233,219.8500061,94.61000061,327.5,7.300000191,39.13999939,61.79000092,353.7999878,90.61000061,23.74799919,7.705999851,223.5,6.84,109.38
1/5/2026,35.90000153,150.8800049,632.1599731,147.0800018,28.85000038,55.56000137,8.437999725,60.5,7.704999924,219.8500061,95.52500153,329.5,7.343999863,39.76300049,62.91999817,365.1300049,91.69000244,23.74900055,8.00949955,225.7,6.88,110.23
1/6/2026,35.94499969,151.5599976,634.2399902,147.6999969,29.18000031,55.68999863,8.411000252,60.58000183,7.947999954,221.8000031,96.02500153,327.2000122,7.454999924,40.16699982,63.40999985,369.5,92.69000244,23.75900078,7.926000118,226.65,6.97,111.18
1/7/2026,36.20500183,151.5800018,637.4000244,148,29.375,55.45999908,8.456000328,60.72000122,8.072999954,220.8999939,95.875,321.8500061,7.354000092,40.0379982,64.01999664,367.6700134,92.63999939,23.81800079,7.793000221,226,6.84,111.42
1/8/2026,35.42499924,151.2599945,635.9799805,147.7200012,28.56999969,55.68999863,8.364999771,60.84000015,8.06400013,221.3999939,95.70999908,325,7.369999886,39.89199829,64.76000214,368.4299927,93.16999817,23.81900024,7.74849987,225.75,6.85,111.95
1/9/2026,35.85499954,152.7400055,640.5800171,148.8999939,28.93000031,55.68999863,8.291999817,62.04000092,8.059000015,221.6999969,96.69000244,327.3999939,7.387000084,40.18999863,65.66999817,372.5799866,93.73999786,23.80599976,7.839000225,228.9,6.87,112.8
1/12/2026,35.97000122,153.0800018,639.6400146,149,29.25,55.88000107,8.293999672,62.33000183,8.012999535,221.6999969,96.88500214,329.7000122,7.55700016,40.49000168,65.44000244,380.8299866,93.51000214,23.82600021,7.887000084,230.05,7.13,113.06
1/13/2026,36.10499954,152.8999939,641.3200073,149.2599945,29.16500092,56.06999969,8.25399971,61.86999893,8.041999817,220.6499939,96.86499786,332.1000061,7.580999851,40.56399918,65.77999878,380.5799866,93.73000336,23.81800079,8.019499779,230.05,7.08,116.43
1/14/2026,35.31000137,153.0200043,635.0999756,148.3999939,28.96500015,56.15000153,8.263999939,62.33000183,8.041999817,221.1999969,96.94999695,332.25,7.53399992,40.50899887,65.81999969,381.5599976,93.97000122,23.88199997,8.317500114,229.05,7.04,114.41
1/15/2026,35.31000137,153.9199982,635.0999756,148.3999939,28.96500015,55.95999908,8.263999939,62.33000183,8.041999817,221.1999969,97.48500061,332.25,7.53399992,40.50899887,65.81999969,381.5599976,93.97000122,23.8390007,8.317500114,230.3,7.08,114
1/16/2026,35.95000076,153.9400024,642.460022,149.8999939,29.09000015,56.16999817,8.229000092,62.95000076,8.116999626,221.8500061,97.45500183,332.6499939,7.425000191,40.76200104,67.36000061,381.1000061,94.98000336,23.8220005,8.163999557,230.1,6.93,112.61
1/19/2026,35.16999817,152.0800018,632.0999756,148.0399933,28.91500092,55.95999908,8.170000076,62.65999985,7.958000183,219.6499939,96.27500153,329.3999939,7.427000046,40.81999969,66.04000092,386.0299988,93.83000183,23.76799965,7.993000031,226.05,6.92,111.48
1/20/2026,34.92499924,151.0800018,627.1199951,146.6600037,28.88999939,55.24000168,7.991000175,61.38000107,7.94299984,217.25,95.62999725,326.2000122,7.322999954,40.33300018,66.08000183,389.2900085,93.09999847,23.76600075,7.696000099,223.7,6.76,111.75
1/21/2026,34.92499924,150.9199982,627.1199951,146.6600037,33.66740036,55.38000107,7.991000175,61.38000107,7.94299984,217.25,95.56999969,326.2000122,7.322999954,40.33300018,66.08000183,389.2900085,93.09999847,23.75699997,8.998100281,226.9,6.87,113.27
1/22/2026,35.06499863,152.5200043,631.8400269,147.9799957,29.65999985,56.22999954,7.953000069,61.90000153,8.178999901,218.8999939,96.41000366,332.4500122,7.434000015,41.03900146,67.63999939,399.7399902,94.29000092,23.79700089,7.548999786,227.25,6.94,114.97
1/23/2026,35.14500046,152.5,630.6799927,147.7200012,29.125,55.81999969,7.824999809,61.31000137,8.07199955,217.8500061,96.37999725,328.9500122,7.366000175,40.92100143,66.40000153,407.6300049,93.33999634,23.78100014,7.625999928,226.95,6.87,115.05
1/26/2026,35.09999847,152.7400055,627.2199707,147.2400055,29.72500038,56.27999878,7.803999901,61.22000122,8.027999878,218.5,96.61000061,332.3999939,7.303999901,40.90100098,65.11000061,411.4100037,92.63999939,23.81599998,7.354000092,228,6.74,112.19
1/27/2026,35.36999893,153.5,625.1199951,147.1600037,29.98500061,56.68999863,7.796000004,61.38000107,8.012999535,220.8500061,97.13999939,337.9500122,7.311999798,41.13899994,64.59999847,409.2000122,91.84999847,23.83300018,7.375,228.75,6.72,112.93
1/28/2026,35.54000092,152.3600006,626.9799805,147.3800049,30.18000031,56.04000092,7.78000021,60.83000183,7.902999878,219.1499939,96.30999756,333.2999878,7.401000023,41.44300079,64.68000031,425.8699951,92.22000122,23.81100082,7.497000217,226.8,6.82,114.66
1/29/2026,34.36999893,152.1399994,620.4799805,146.1399994,30.05999947,56.06000137,7.774000168,61.24000168,7.853000164,219.1000061,96.21499634,331.7999878,7.403999805,41.18000031,64.12000275,425.6799927,91.72000122,23.8239994,7.063499928,226.25,6.72,114.96
1/30/2026,34.86000061,153.2400055,626.2600098,147.2200012,29.78499985,56.95000076,7.868000031,61.79000092,7.815000057,221.3500061,96.87999725,337.6499939,7.315000057,41.07300186,63.90999985,403.8299866,91.76999664,23.82699966,6.989999771,226.4,6.67,113.97
2/2/2026,35.13999939,154.6799927,633.6599731,148.5399933,29.72999954,57.70999908,7.953999996,62.06999969,7.889999866,223.6000061,97.89499664,344,7.193784714,41.08399963,65.12999725,379.9100037,93.11000061,23.78199959,6.700500011,229.65,6.57,113.53
2/3/2026,34.19499969,154.7599945,629.3599854,148.1000061,30.55999947,57.72999954,8.18900013,62.40999985,7.902999878,225.4499969,97.94000244,346.9500122,7.102460384,41.5340004,65.12000275,405.3599854,93.20999908,23.77000046,6.486999989,227.5,6.41,113.19
2/4/2026,33.58499908,154.8399963,626.6400146,147.7599945,30.51000023,57.54999924,8.173000336,63.58000183,7.824999809,226.5500031,97.875,342.8500061,7.02701807,41.17599869,64.73000336,401.7399902,93.84999847,23.79000092,6.223999977,227.05,6.25,115.27
2/5/2026,33.43999863,153.3200073,620.4799805,146.5,29.93000031,56.20999908,8.156999588,62.81000137,7.77699995,222.6499939,96.94499969,331.6499939,7.054999828,40.98400116,64.26000214,396.0700073,93.19999695,23.82099915,5.769999981,225.85,6.33,113.52
2/6/2026,34.13000107,154.6199951,626.1799927,147.8200073,30.15500069,56.95999908,8.144000053,64.40000153,7.742000103,222.8500061,97.73500061,334.4500122,7.127999783,41.48500061,65.38999939,401.8999939,94.20999908,23.82900047,5.889500141,229.15,6.42,114.58
2/9/2026,34.58499908,155.6600037,627.960022,148.5399933,30.5,57.79000092,8.149999619,65.34999847,7.715000153,227.5,98.40000153,341.75,7.166999817,41.84999847,65.80000305,410.3299866,93.98000336,23.83499908,5.824500084,231.35,6.4,115.77
2/10/2026,34.61500168,155.5599976,627.7800293,148.8999939,30,57.65999985,8.177000046,66.87999725,7.755000114,227.3500061,98.42500305,338.25,7.15500021,41.82099915,65.97000122,405.8599854,94.58999634,23.93799973,5.831500053,231.05,6.4,116.26
2/11/2026,34.47999954,155.6999969,626.9000244,149.0800018,30.27499962,57.40000153,8.168999672,67.40000153,7.631999969,226,98.58999634,332.25,7.118999958,42.25999832,64.95999908,411.4400024,94.73000336,23.90600014,5.581999779,232,6.37,117.12
2/12/2026,33.81499863,154.8999939,620.7399902,147.8399963,29.90500069,56.95999908,8.119000435,67.26999664,7.532999992,224.5500031,98.01499939,327.2000122,7.000999928,42.10300064,64.23000336,400.2200012,94,23.9489994,5.580999851,229.8,6.23,115.74
2/13/2026,33.55500031,154.7200012,619.3599854,147.6999969,29.78000069,56,8.055999756,67.38999939,7.664999962,220.8999939,98,316.2999878,6.995999813,41.99599838,65.19000244,406.8099976,94.63999939,24.02199936,5.818999767,229.2,6.28,117.06
2/16/2026,33.41500092,154.9799957,618.2800293,147.5399933,29.73500061,56.70999908,8.100000381,66.01999664,7.629000187,220.8999939,98.11000061,320.3500061,7.026000023,42.20000076,64.81999969,405.1199951,94.72000122,24.00799942,5.701000214,228.95,6.29,116.5
2/17/2026,33.63999939,155.7799988,619.9000244,147.8200073,29.30500031,57.02999878,8.130999565,66.38999939,7.68200016,222.3999939,98.68499756,324.4500122,7.020999908,42.11000061,64.98000336,396.980011,94.59999847,24.04299927,5.734499931,230.25,6.28,116.49
2/18/2026,34.36999893,157.5800018,626.5800171,149.5,29.88500023,57.86999893,8.18500042,66.69000244,7.737999916,225.3000031,99.83499908,331.6000061,7.107999802,42.75299835,65.93000031,407.3699951,95.27999878,24.01399994,5.671500206,233.1,6.37,117.84
2/19/2026,34.14500046,156.7400055,625.7600098,149.1600037,29.82999992,57.18000031,8.022999763,66.43000031,7.732999802,222.4499969,99.38999939,328.1000061,7.090000153,42.55799866,65.76999664,409.0899963,95.19000244,24.01799965,5.633500099,231.5,6.35,119.17
2/20/2026,34.25500107,158.1199951,627.4400024,149.8800049,29.71500015,57.77999878,8.190999985,66.48000336,7.763999939,225.8999939,100.2050018,333.3500061,7.081999779,43.19400024,65.72000122,413.980011,95.36000061,24.02199936,5.71999979,233.95,6.28,118.28
2/23/2026,33.81999969,157.3600006,622.0200195,148.8200073,30.25,58.13000107,8.055000305,66.59999847,7.71999979,227,99.72499847,334.5499878,7.100999832,43,64.41000366,424.9200134,94.44000244,24.07699966,5.541500092,234.05,6.3,119.6
2/24/2026,34.17499924,157.7799988,625.460022,149.7200012,30.06999969,57.84000015,8.095999718,66.58999634,7.800000191,226.6000061,100.0049973,328.4500122,7.039000034,43.6609993,65.20999908,419.5499878,95.08999634,24.07999992,5.41050005,234.4,6.27,120.08
2/25/2026,34.70999908,158.8399963,630.039978,150.8600006,30.70499992,58.79999924,8.041999817,67.16000366,7.800000191,228.9499969,100.6999969,335.2000122,7.037000179,43.9070015,65.44000244,424.5499878,95.12000275,24.04999924,5.754499912,236.25,6.22,121.02
2/26/2026,34.19499969,158.7599945,627.8800049,150.4199982,30.26499939,58.79999924,8.06099987,67.29000092,7.730999947,230.3999939,100.6299973,335.2000122,6.892000198,43.56800079,65.73000336,422.9200134,95.69000244,24.08699989,5.681499958,235.5,6.05,121.26
2/27/2026,33.63499832,158.8200073,624.0200195,149.8200073,30.19499969,58.31000137,7.986000061,67.34999847,7.798999786,229.25,100.7399979,329,6.876999855,43.39400101,64.83000183,425.9400024,95.51000214,24.15099907,5.578000069,233.45,6.03,121.95
3/2/2026,33.90999985,156.2200012,629.6199951,150.0200043,29.81999969,56.63000107,7.868000031,66.12000275,7.789000034,224.6999969,99.12000275,317.5499878,6.84800005,42.91899872,65.54000092,436.3900146,96.25,24.0359993,5.927499771,229.55,5.93,124.02
3/3/2026,33.86000061,151.5599976,627.5,147.6799927,27.95999908,54.02000046,7.639999866,63.04999924,7.651000023,215.8000031,96.13999939,303.6499939,6.693999767,40.99300003,65.05999756,425.1400146,95.69000244,23.97400093,5.894999981,222.8,5.74,120.97
3/4/2026,34.34000015,153.6600037,633.4400024,149.3000031,29.02499962,55.45000076,7.703999996,64.84999847,7.754000187,220.1000061,97.48500061,311.1499939,6.731999874,41.58499908,65.81999969,426.0899963,96.26000214,23.99900055,6.281000137,225.4,5.84,118.98
3/5/2026,34.63999939,151.6399994,632.3400269,148.3399963,28.65500069,54.61999893,7.736000061,63.63000107,7.69299984,216.3500061,96.14499664,304.5499878,6.660999775,40.77999878,64.98999786,421.1600037,95.84999847,23.88699913,6.148499966,219.55,5.73,119.6
3/6/2026,34.33000183,150.2799988,624.7199707,146.8999939,28.32999992,54.15999985,7.730999947,62.68999863,7.572000027,214.4499969,95.27500153,300.6499939,6.741000175,40.66199875,63.45999908,426.3999939,94.23999786,23.86899948,5.896999836,219.15,5.85,120.4
3/9/2026,34.63999939,149.3000031,632.3400269,148.3399963,28.65500069,53.68999863,7.736000061,63.63000107,7.69299984,216.3500061,94.66000366,304.5499878,6.660999775,40.77999878,64.98999786,421.1600037,95.84999847,23.88199997,6.148499966,221.05,5.97,121.41
3/10/2026,34.63999939,151.9799957,632.3400269,148.3399963,28.65500069,55.52000046,7.736000061,63.63000107,7.69299984,216.3500061,96.41999817,304.5499878,6.660999775,40.77999878,64.98999786,421.1600037,95.84999847,23.90600014,6.148499966,221.25,6.11,121.74
3/11/2026,34.63999939,151.3000031,632.3400269,148.3399963,28.65500069,55,7.736000061,63.63000107,7.69299984,216.3500061,95.80999756,304.5499878,6.660999775,40.77999878,64.98999786,421.1600037,95.84999847,23.75799942,6.148499966,221.85,6.04,122.08
3/12/2026,34.63999939,150.3999939,632.3400269,148.3399963,28.65500069,54.33000183,7.736000061,63.63000107,7.69299984,216.3500061,95.29499817,304.5499878,6.660999775,40.77999878,64.98999786,421.1600037,95.84999847,23.67700005,6.148499966,219.65,6.03,123.83
3/13/2026,34.25,149.7799988,624.5999756,146.7799988,28.46500015,54.09999847,7.448999882,62.72000122,7.46600008,214.9499969,94.84500122,295.25,6.960000038,40.74300003,62.93000031,424.5700073,93.73000336,23.62599945,6.25150013,217.7,6.06,123.55
3/16/2026,34.51499939,150.3399963,625.3599854,147.3800049,28.50499916,54.20000076,7.5,63.31000137,7.5,215.0500031,95.34500122,296.3999939,7.014999866,41.29100037,63.45000076,417.019989,93.75,23.68099976,6.393000126,219.7,6.19,123.6
3/17/2026,34.36999893,151.3399963,626.1799927,147.8000031,29.30999947,54.65999985,7.468999863,63.22000122,7.565999985,217.6499939,95.86499786,298.2999878,6.961999893,41.63999939,63.47000122,417.5,94.05999756,23.75200081,6.423500061,220.05,6.14,123.1
3/18/2026,34.25999832,150.1999969,622.3599854,146.8000031,29.06999969,54.74000168,7.389999866,63.20000076,7.473999977,217.1499939,95.11000061,301.3500061,6.868000031,41.31600189,63.16999817,407.5700073,93.51000214,23.71100044,6.169000149,219,6.04,123.09
3/19/2026,33.84000015,146.5399933,613.3400269,144.2799988,28.43499947,53.49000168,7.263000011,61.93000031,7.40199995,211.8999939,92.79499817,292.75,6.712999821,40.48099899,62.38000107,382.8099976,92.31999969,23.6590004,6.006999969,213.9,5.94,120.61
3/20/2026,33.44499969,144.1000061,608.5200195,142.6399994,28.04000092,52.81999969,7.103000164,60.93999863,7.353000164,208,91.19499969,287.5499878,6.599999905,39.69400024,61.93000031,381.6300049,91.55999756,23.54899979,6.035999775,208.25,5.75,119.12
3/23/2026,33.47499847,144.8600006,610.1599731,143.3399963,28.31999969,53.54999924,7.151000023,61.56999969,7.324999809,209.8000031,91.86000061,294.2999878,6.565999985,40.08399963,62.68999863,363.5,91.80000305,23.55599976,6.069499969,214.45,5.76,116.42
3/24/2026,33.33499908,145.4799957,609.2999878,143.2400055,27.89500046,53.56000137,7.085999966,61.95999908,7.333000183,210.4499969,92.09500122,291.9500122,6.602000237,39.91500092,63,366.9299927,92.19999695,23.55999947,6.006499767,215.1,5.78,116.8
3/25/2026,33.63000107,147.8200073,613.2600098,144.6799927,28.88999939,54.56000137,7.260000229,63.06999969,7.461999893,213.5500031,93.55000305,299.2000122,6.71999979,40.71699905,63.88000107,378.5299988,92.5,23.64100075,6.166500092,216.1,5.92,117.82
3/26/2026,33.08000183,146.0599976,607.2000122,142.9600067,28.59499931,53.72999954,7.184000015,62.15999985,7.472000122,211.75,92.38999939,292.8500061,6.568999767,39.69499969,63.25,366.480011,92.25,23.51799965,5.961500168,212.3,5.73,117.56
3/27/2026,32.31000137,144.7599945,597.9199829,140.9799957,28.19499969,53.25999832,7.000999928,60.93999863,7.348999977,210.6000061,91.58000183,289.2999878,6.55700016,39.31800079,62.29999924,377.4899902,91.47000122,23.44300079,5.71449995,209.45,5.67,119.97
3/30/2026,32.18000031,146.3000031,600.4400024,141.8999939,28.29999924,53.79000092,6.97300005,61.90000153,7.361999989,212.75,92.58999634,290,6.622000217,39.52700043,62.24000168,381.7600098,91.93000031,23.58499908,5.91050005,210.65,5.7,119.21
3/31/2026,32.19499969,146.8600006,600.1199951,141.8200073,28.75,54.15999985,7.007999897,61.45999908,7.414999962,215.0500031,92.96499634,292.5,6.597000122,39.2879982,62.11000061,385.6799927,91.38999939,23.58699989,5.81099987,215.45,5.67,119.72
4/1/2026,32.19499969,146.8600006,600.1199951,141.8200073,28.75,54.15999985,7.007999897,61.45999908,7.414999962,215.0500031,92.96499634,292.5,6.597000122,39.2879982,62.11000061,385.6799927,91.38999939,23.58699989,5.81099987,219.1,5.72,120.54
4/2/2026,33.31999969,150.3200073,611.5800171,144.7400055,29.65500069,55.59999847,7.149000168,63.38999939,7.584000111,221.5500031,95.14499664,301,6.632999897,40.0929985,63.79000092,389.3500061,92.66999817,23.6590004,5.778999805,218.25,5.64,118.32
4/3/2026,33.31999969,150.3200073,611.5800171,144.7400055,29.65500069,55.59999847,7.149000168,63.38999939,7.584000111,221.5500031,95.14499664,301,6.632999897,40.0929985,63.79000092,389.3500061,92.66999817,23.6590004,5.778999805,218.25,5.64,118.32
4/6/2026,33.31999969,150.3200073,611.5800171,144.7400055,29.65500069,55.59999847,7.149000168,63.38999939,7.584000111,221.5500031,95.14499664,301,6.632999897,40.0929985,63.79000092,389.3500061,92.66999817,23.6590004,5.778999805,218.25,5.64,118.32
4/7/2026,33.14500046,148.7200012,608.6599731,143.9199982,29.54500008,55.40999985,7.178999901,62.65000153,7.418000221,220.3000031,94.12999725,300.8999939,6.553999901,39.97200012,63.63999939,386.3399963,92.45999908,23.57600021,5.883999825,216.8,5.58,119.94
4/8/2026,34.25,154.6199951,621.6599731,148.0800018,30.95000076,57.86999893,7.513999939,65.73999786,7.573999882,228.5500031,97.84999847,321,6.745999813,42.12900162,65.20999908,391.5299988,93.69000244,23.77099991,6.087500095,226.3,5.86,119.19
4/9/2026,34.16999817,154.5200043,624.2399902,148.1600037,31.09499931,57.65000153,7.460000038,64.62999725,7.519000053,229.8999939,97.75499725,319.75,6.703000069,42.0320015,65.5,393.9599915,93.80999756,23.72900009,6.147999763,225.75,5.74,119.36
4/10/2026,34.68500137,154.7799988,625.7199707,148.5599976,31.48999977,57.99000168,7.512000084,64.55999756,7.47300005,231.1999969,98.07499695,323.9500122,6.717000008,42.3030014,65.48999786,391.7000122,93.26999664,23.68000031,6.191500187,226.2,5.79,119.38
4/13/2026,34.85499954,154.8200073,625.6599731,148.4799957,31.54999924,57.41999817,7.460999966,64.06999969,7.453000069,230.8000031,97.97499847,323.2000122,6.693999767,42.25099945,65.59999847,387.3099976,93.16000366,23.64100075,6.125999928,227.55,5.76,119.5
4/14/2026,35.27000046,156.4799957,632.7999878,150.2799988,32.04999924,58.34999847,7.53399992,65,7.633999825,233.9499969,98.93000031,330.8500061,6.776000023,43.04199982,66.98999786,391.7999878,94,23.72200012,6.360000134,229.6,5.84,118.95
4/15/2026,36.06000137,155.6999969,636.9799805,150.7799988,32.30500031,58.04000092,7.547999859,64.66000366,7.635000229,233.8500061,98.40499878,331.1000061,6.769000053,43.12099838,66.80000305,391.230011,93.69000244,23.72599983,6.242499828,227.3,5.85,119.37
4/16/2026,36.61999893,155.5399933,642.1799927,151.6999969,32.04499817,57.56000137,7.56099987,65.02999878,7.59800005,233.25,98.375,327.4500122,6.881000042,43.47700119,67.18000031,392.3999939,94.47000122,23.72299957,6.296500206,226.65,6,117.65
4/17/2026,37.25,158.1399994,649.4000244,153.6600037,32.55500031,58.84999847,7.793000221,65.80999756,7.710999966,237.3999939,99.91000366,338.2000122,6.947999954,44.36000061,68.66000366,396.7099915,95.55000305,23.82600021,6.576499939,231.35,6.06,115.33
4/20/2026,36.99499893,156.7799988,647.4000244,152.8800049,32.25,58.02999878,7.671000004,64.94000244,7.677000046,235.4499969,99.25499725,331.3500061,6.920000076,43.86000061,68.97000122,392.3599854,95.91000366,23.8010006,6.407999992,229.7,6.01,116.1
4/21/2026,37.38000107,155.5200043,648.460022,152.5599976,31.95499992,57.70999908,7.605999947,63.99000168,7.596000195,234.3999939,98.36499786,328.1499939,6.855999947,43.73799896,68.98999786,388.5499878,95.94000244,23.73900032,6.429500103,227.15,5.93,115.85
4/22/2026,37.98500061,155.1399994,652.960022,153.3800049,31.84499931,57.41999817,7.607999802,63.93999863,7.592000008,233.25,98.04499817,324.3999939,6.875,44.25400162,69.08999634,388.5299988,95.87999725,23.76199913,6.734499931,227.6,5.93,116.86
4/23/2026,38.13499832,155.2400055,655.7600098,153.7799988,31.44000053,56.91999817,7.59800005,63.97999954,7.43599987,233.8999939,98.09999847,320.2999878,6.777999878,44.05599976,69.52999878,388.9200134,96.04000092,23.76000023,6.699500084,224.5,5.8,117.71
4/24/2026,38.48500061,154.5200043,655.7199707,153.6000061,31.16500092,56.38999939,7.513999939,63.56000137,7.361999989,232.5,97.64499664,317.8999939,6.784999847,44.37599945,69.20999908,387.8999939,95.61000061,23.7329998,6.638000011,226.75,5.84,117.94
4/27/2026,38.35499954,154.0599976,655.1400146,153.5,30.70000076,56.47999954,7.487999916,63.93000031,7.390999794,232.6999969,97.30999756,319.5,6.712999821,44.38499832,69.13999939,383.7099915,95.44000244,23.68000031,6.557499886,225.8,5.85,119.19
4/28/2026,37.91500092,153.5200043,653.3800049,152.8800049,30.70499992,56.75999832,7.453999996,64.09999847,7.297999859,234.8500061,96.90000153,323.3500061,6.669000149,43.81900024,68.44999695,375.730011,95.05999756,23.64100075,6.472499847,224.45,5.76,118.62
4/29/2026,38.40000153,152.6799927,655.3800049,153.1199951,30.55999947,56.47999954,7.473999977,63.70000076,7.188000202,233.4499969,96.35500336,322.6000061,6.711999893,44.0359993,68.29000092,374.0400085,94.87999725,23.59900093,6.508999825,222.95,5.79,120.02
4/30/2026,37.89500046,154.8999939,656.5800171,153.9600067,30.43499947,57.06000137,7.454999924,64.87000275,7.287000179,235.6999969,97.84500122,322.7999878,6.728000164,44.29800034,69.01000214,379.3399963,95.73999786,23.64900017,6.506000042,226.55,5.88,117.53
5/1/2026,37.89500046,154.8999939,656.5800171,153.9600067,30.43499947,57.06000137,7.454999924,64.87000275,7.287000179,235.6999969,97.84500122,322.7999878,6.728000164,44.29800034,69.01000214,379.3399963,95.73999786,23.64900017,6.506000042,226.3999939,5.880000114,117.53
5/4/2026,38.49499893,153.1199951,661.4400024,154.5599976,30.55999947,55.52999878,7.394000053,64.56999969,7.320000172,232.0500031,96.54499817,313.6000061,6.761000156,44.93700027,69.76999664,372.7000122,95.98000336,23.59300041,6.800000191,221.8500061,5.919000149,119.46
5/5/2026,39.15000153,154.7400055,666,155.9799957,30.92499924,56.59999847,7.485000134,65.18000031,7.386000156,237.3999939,97.63500214,320.0499878,6.747000217,45.84199905,70.62999725,376.4100037,96.16999817,23.62299919,6.971000195,226.6499939,5.872000217,119.13
5/6/2026,39.875,158.1399994,671.460022,158.0599976,32.04999924,57.93000031,7.624000072,66.61000061,7.454999924,242.8500061,99.76000214,331.6499939,6.852000237,46.79600143,71.33000183,384.1600037,96.73000336,23.74900055,6.938499928,232.75,5.991000175,119.11
5/7/2026,40.52000046,156.3200073,673.6599731,157.9799957,31.78000069,57.81999969,7.586999893,66.61000061,7.454999924,240.6999969,98.70500183,331.4500122,6.856999874,46.76499939,71.08000183,387.9200134,96.41999817,23.73800087,6.782999992,230.6000061,6.03000021,117.64
5/8/2026,40.93000031,155.5399933,674.7600098,158.1399994,31.21500015,57.36999893,7.522999763,66.93000031,7.396999836,240.8000031,98.08499908,328.2000122,6.831999779,47.0359993,70.65000153,385.2099915,96.12999725,23.72100067,6.768499851,228.75,6.004000187,118.4
5/11/2026,41.52999878,155.8000031,677.0599976,158.6199951,31.57999992,57.22000122,7.335999966,67.37000275,7.389999866,242.8000031,98.26999664,328.75,6.876999855,47.2120018,71.33999634,386.5499878,96.01000214,23.6760006,6.881999969,228.3000031,6.099999905,118.63
5/12/2026,40.77999878,154,673.5,156.9600067,31.20000076,56.34999847,7.164000034,66.95999908,7.414000034,239.6000061,97.29000092,323.4500122,6.802000046,45.51599884,69.73999786,382.5100098,95.76000214,23.59499931,6.842000008,225,5.971000195,120.38
5/13/2026,41.63000107,155.5800018,680.6599731,159.1399994,31.71999931,56.68000031,7.241000175,68.18000031,7.392000198,241.8500061,98.21499634,326.0499878,7.034999847,46.80199814,70.59999847,385.7600098,95.87000275,23.57099915,6.755000114,227.1499939,6.261000156,121.33
5/14/2026,42.74000168,157.0800018,691.2000122,161.0200043,32.31000137,57.09999847,7.360000134,67.90000153,7.420000076,244.5500031,99.23999786,329.2999878,6.877999783,47.18899918,71.5,386.3800049,96.95999908,23.64699936,6.921000004,229.8500061,6.043000221,120.35
5/15/2026,42.47499847,154.3000031,687.7000122,159.4400024,31.375,56.47000122,7.335000038,67.51999664,7.304999828,240.3000031,97.43499756,325.25,6.736000061,45.89699936,70.16999817,376.1199951,96.37000275,23.45899963,6.795000076,225.8500061,5.867000103,121.83
5/18/2026,41.50500107,155.4400024,682,158.4400024,31.77499962,56.91999817,7.260000229,66.91999817,7.281000137,241.4499969,98.23500061,325.6000061,6.665999889,45.54600143,69.51000214,375.2600098,96.33000183,23.46299934,6.534500122,227.25,5.784999847,122.5299988
5/19/2026,41.38999939,155.6000061,680.9400024,158.1999969,31.38999939,56.63000107,7.223999977,66.69000244,7.353000164,240.25,98.33499908,324.9500122,6.710000038,45.01499939,68.73999786,373.480011,96.51999664,23.39900017,6.579999924,226.9499969,5.808000088,121.8899994
5/20/2026,42.125,158.1199951,686.2600098,159.7599945,32.18999863,57.95000076,7.356999874,67.06999969,7.413000107,243.8000031,99.84500122,334.4500122,6.703000069,45.8769989,70.23999786,375.2799988,96.93000031,23.54899979,6.650499821,231.8999939,5.861999989,121.5999985
5/21/2026,42.15499878,158.2400055,687.2800293,159.9199982,31.70000076,57.65999985,7.289000034,67.01000214,7.500999928,244.3999939,99.98000336,331.7000122,6.598999977,45.96099854,70.87999725,374.3399963,97.27999878,23.52599907,6.644000053,231.3500061,5.742000103,122.9300003
5/22/2026,42.90499878,159.3600006,694.8200073,161.6199951,32.46500015,57.68000031,7.414999962,67.77999878,7.551000118,245.6499939,100.7750015,334.7000122,6.576000214,46.58499908,72,374.7900085,98.62000275,23.55999947,6.618500233,233.75,5.770999908,121.7699966
5/25/2026,43.18000031,162.2799988,696.539978,162.7799988,33.06000137,59.00999832,7.5,68.51999664,7.612999916,249.3000031,102.6149979,344.7000122,6.65199995,47.40100098,72.88999939,377.8999939,99.05999756,23.70000076,6.647500038,238.3500061,5.847000122,121
5/26/2026,43.34000015,160.1600037,695.7399902,162.5800018,32.66999817,58.77999878,7.414999962,68.5,7.565999985,247.6999969,101.2699966,341,6.622000217,47.81200027,72.90000153,373.0799866,99.08999634,23.66699982,6.561500072,235.5500031,5.909999847,121.7799988
5/27/2026,42.85499954,160.2400055,694.5,162.1999969,32.64500046,58.93999863,7.420000076,67.95999908,7.589000225,245.8999939,101.25,341.6499939,6.553999901,47.79600143,73.26999664,367.0599976,99.16000366,23.69799995,6.465000153,235.8000031,5.897999763,120.6200027
5/28/2026,43.61500168,159.5599976,697.6799927,162.8200073,32.70000076,58.81999969,7.340000153,68.19999695,7.650000095,247.3500061,100.8499985,339.2999878,6.467000008,47.97499847,73.5,369.9599915,99.26000214,23.72800064,6.237500191,235.3000031,5.843999863,120.6299973
5/29/2026,43.61500168,159.5599976,697.6799927,162.8200073,32.70000076,58.81999969,7.340000153,68.19999695,7.650000095,247.3500061,100.8499985,339.2999878,6.467000008,47.97499847,73.5,369.9599915,99.26000214,23.72800064,6.237500191,235.3000031,5.843999863,120.6299973
6/1/2026,45.56000137,158.7200012,702.4199829,163.9199982,32.34000015,58.41999817,7.271999836,68.30999756,7.637000084,246.8999939,100.3850021,340.5499878,6.548999786,48.94100189,72.79000092,370,99.72000122,23.67000008,6.124000072,234.6499939,5.923999786,121.8399963
6/2/2026,46.00999832,159.6600037,703.9400024,164.8800049,32.66999817,58.70000076,7.31099987,68.69000244,7.53399992,250.8000031,101.0749969,343,6.797999859,49.47999954,73.33000183,372.5899963,99.94999695,23.75600052,5.765999794,237.3500061,6.202000141,122.9400024
6/3/2026,45.625,158.6199951,701.7600098,164.1399994,32.61999893,58.36999893,7.214000225,69.12999725,7.563000202,248.4499969,100.3550034,337.5,6.639999866,48.95899963,72.83999634,368.1700134,100.1999969,23.66200066,5.705500126,235.3500061,6.014999866,122.3199997
6/4/2026,44.59500122,159.5399933,700.7399902,163.8000031,32.67499924,58.70999908,7.301000118,68.94000244,7.811999798,249.3000031,100.8850021,340.6000061,6.625,48.25,73.51999664,370.1499939,100.5,23.68300056,5.491000175,237.1499939,5.968999863,122.25
6/5/2026,43.47999954,158.8399963,698.2999878,162.3600006,32.02500153,58.79999924,7.296999931,68.59999847,7.762000084,247.6000061,100.5999985,338.8999939,6.499000072,46.54999924,72.66000366,362.4400024,100.7399979,23.61199951,5.238500118,235.6499939,5.794000149,120.9700012
6/8/2026,43.40999985,158.6999969,693.2600098,161.5599976,32.125,58.43000031,7.252999783,68.26999664,7.697000027,249.1999969,100.5699997,336.5,6.465000153,46.45100021,72.5,361.3900146,100.1800003,23.59300041,5.523499966,235.6499939,5.737999916,121.6900024
6/9/2026,41.79999924,158.0200043,682.5200195,159.5,32.125,58.13999939,7.276000023,67.66000366,7.653999805,249.3000031,99.91999817,336.7999878,6.443999767,46.16199875,71.70999908,355.7900085,99.61000061,23.59000015,5.298500061,235.5,5.708000183,120.8199997
6/10/2026,41.55500031,157.7799988,681.7000122,159.2400055,31.86499977,58.11000061,7.256999969,66.44000244,7.739999771,248.25,99.88500214,333.8500061,6.471000195,45.93500137,72.18000031,343.7099915,100.0400009,23.61000061,5.379499912,233.75,5.709000111,121.2399979
6/11/2026,41.66999817,158.7599945,681.2399902,159.5599976,32.15999985,58.54000092,7.21600008,67.09999847,7.730000019,250.9499969,100.5699997,335.1000061,6.395999908,46.44400024,72.81999969,340.8200073,100,23.66300011,5.440999985,235.6000061,5.585000038,120.8000031
6/12/2026,42.72000122,161.6999969,691.8599854,162.4600067,33.02000046,60.20000076,7.403999805,68.69999695,7.757999897,255.3999939,102.3399963,349.75,6.500999928,47.89199829,74.61000061,350.519989,101.4400024,23.74699974,5.521500111,240.4499969,5.626999855,121.5500031
6/15/2026,43.82500076,161.8999939,701.5999756,164.6000061,32.63499832,61.02999878,7.553999901,69.51999664,7.729000092,257.2000122,102.5299988,356.9500122,6.56400013,49.10699844,74.86000061,361.0400085,102.0800018,23.81999969,5.731999874,242.3500061,5.742000103,121.1900024
6/16/2026,43.25,162.4799957,699.6799927,164.1600037,33.36000061,61.63999939,7.571000099,69.86000061,7.710999966,260.2999878,102.8649979,364.3500061,6.440999985,48.61100006,74.38999939,358.6400146,101.7200012,23.7840004,5.670000076,243.1499939,5.568999767,120.8300018
6/17/2026,43.25,163.2799988,698.0200195,164.6399994,33.68000031,62.47000122,7.632999897,70.76999664,7.800000191,260.9500122,103.4400024,371.8500061,6.422999859,49.24700165,74.76000214,361.7099915,101.8799973,23.80500031,5.627999783,244.8500061,5.607999802,120.3399963
6/18/2026,43.99000168,162.6600037,701.6599731,165.4600067,32.88499832,62.18000031,7.71600008,71.80000305,7.741000175,261.8500061,103.1399994,371.7000122,6.359000206,50.15399933,75.11000061,354.7900085,101.7799988,23.79599953,5.493000031,245.6999969,5.56099987,119.6399994
6/19/2026,44.23500061,162.3200073,703.539978,165.4400024,32.77999878,62.13999939,7.68900013,71.73000336,7.800000191,262.3999939,102.8799973,372.7999878,6.375,49.80599976,75.77999878,348.230011,101.7799988,23.70299911,5.496500015,244.75,5.565999985,122.25
6/22/2026,44.38999939,163.3999939,703.5999756,166.0399933,32.56000137,62.88999939,7.755000114,72.62999725,7.777999878,262.7000122,103.5199966,376.1000061,6.416999817,50.68600082,76.5,352.2999878,102.2600021,23.72100067,5.678500175,245.3999939,5.56400013,122.2799988
6/23/2026,43.24000168,162.1600037,698.0599976,163.9199982,32.33499908,62.72999954,7.663000107,70.22000122,7.894999981,258.75,102.7300034,372.25,6.289999962,48.50400162,76.48999786,349.3599854,102.2600021,23.75699997,5.473499775,242.3999939,5.421000004,120.9000015
6/24/2026,43.32500076,162.3800049,703.9799805,164.8000031,31.67000008,62.29000092,7.790999889,70.44000244,8.128000259,256.7999878,102.9199982,367.5499878,6.303999901,48.54999924,77.51000214,339.6499939,103.6600037,23.84700012,5.336500168,241.75,5.508999825,121.7399979
6/25/2026,42.53499985,163.6000061,697.5599976,164.1999969,31.92499924,62.83000183,7.758999825,70.81999969,8.241000175,257.5499878,103.6750031,369.7000122,6.179999828,48.73199844,77.12999725,339.980011,103.8399963,23.86599922,5.197999954,243.6499939,5.361999989,122.6399994
6/26/2026,42.26499939,162.5599976,696.4199829,163.6999969,31.625,62.54999924,7.762000084,70.41999817,8.347000122,255.0500031,103.0100021,365.7000122,6.145999908,48.16400146,77.13999939,344.2799988,103.9599991,23.86300087,5.268499851,241.8000031,5.296999931,121.8700027
6/29/2026,42.38499832,162.5800018,697.7600098,163.4400024,31.70000076,62.41999817,7.665999889,70.04000092,8.369999886,254.6499939,103.1549988,364.9500122,6.140999794,47.76300049,76.19999695,338.6799927,103.5400009,23.84700012,5.212500095,242.1000061,5.377999783,121.1800003
6/30/2026,43.57500076,164.1000061,704.9799805,165.2200012,31.88999939,62.75,7.701000214,70.15000153,8.406000137,257.1499939,104.1999969,369.8500061,6.181000233,48.79800034,77.05999756,339.4899902,103.6800003,23.84799957,5.099999905,246.0500031,5.502999783,121.8799973
7/1/2026,43.52999878,163.3800049,710.4199829,165.9400024,32.00999832,62.66999817,7.72300005,71.02999878,8.468999863,256.75,103.6750031,370.2000122,6.262000084,48.23799896,78.09999847,344.75,104.8600006,23.7840004,5.276000023,244.3999939,5.585000038,121.0199966
7/2/2026,42.68000031,165.8000031,704.539978,164.9799957,32.43500137,63.58000183,7.731999874,70.69999695,8.590000153,260.8999939,105.0999985,377.8500061,6.169000149,47.38299942,76.62999725,347.0400085,104.3799973,23.78100014,5.387000084,247.5500031,5.431000233,121.7900009
7/3/2026,42.82500076,166.8600006,706.1199951,165.8800049,32.55500031,64.22000122,7.711999893,71.29000092,8.637000084,262.5499878,105.8000031,379.8500061,6.203000069,48.38000107,76.63999939,350.4700012,104.4199982,23.74900055,5.407999992,249.5,5.455999851,121.7399979
7/6/2026,43.33499908,166.2400055,710.3599854,166.6000061,32.81999969,63.93000031,7.809999943,71.90000153,8.619999886,263.2999878,105.4550018,382.6499939,6.302000046,48.49300003,77.12999725,349.6900024,104.6800003,23.74300003,5.444499969,249,5.513999939,121.5899963
7/7/2026,42.04000092,165.2400055,705.4400024,164.8200073,32.65000153,63.79000092,7.71999979,70.37999725,8.640000343,261.1499939,104.7350006,380.8500061,6.263000011,46.81299973,76.30000305,348.8299866,104.7799988,23.70100021,5.572999954,246.1499939,5.487999916,121.2799988
7/8/2026,42.24000168,162.5599976,702.2399902,163.7799988,32.43000031,61.90999985,7.619999886,69.26999664,8.503000259,257.6000061,103.1399994,367.8999939,6.421000004,46.77299881,75.22000122,339.7799988,103.4199982,23.57799911,5.400499821,241.6499939,5.69299984,121.9000015
7/9/2026,43.61500168,163.8800049,708.7999878,165.5599976,32.52999878,62.63999939,7.668000221,70.54000092,8.607999802,260.5,104.0299988,374.0499878,6.44299984,47.76300049,76.33000183,347.3099976,104.1800003,23.64699936,5.489999771,244.6499939,5.78000021,123.2099991
7/10/2026,43.61500168,163.8800049,708.7999878,165.5599976,32.52999878,62.63999939,7.668000221,70.54000092,8.607999802,260.5,104.0299988,374.0499878,6.44299984,47.76300049,76.33000183,347.3099976,104.1800003,23.64699936,5.489999771,244.6499939,5.78000021,123.2099991
7/13/2026,43.51499939,163.8000031,712.8800049,165.7799988,33.28499985,62.86999893,7.703999996,70.52999878,8.491000175,262.2999878,103.9649963,376.6499939,6.412000179,46.78099823,76.01000214,339.0499878,104.8799973,23.58499908,5.490499973,244.1999969,5.717999935,122.8600006
7/14/2026,43.47999954,164.0399933,710,165.6600037,33.66500092,62.93999863,7.644999981,71.12000275,8.376999855,262.7999878,104.0100021,377.9500122,6.456999779,46.90399933,75.62999725,343.2799988,103.9400024,23.64699936,5.648499966,244.5500031,5.714000225,123.5800018
7/15/2026,43.06499863,164.3600006,711.6199951,165.8000031,33.70500183,62.75,7.668000221,70.48999786,8.42800045,260.7000122,104.1949997,377.2000122,6.589000225,46.75899887,76.01999664,340.4299927,103.9199982,23.65399933,5.704500198,244.1000061,5.829999924,123.7200012
7/16/2026,42.70000076,164.6199951,711.960022,165.4600067,33.53499985,62.79999924,7.65500021,69.83999634,8.475000381,260.25,104.3150024,378.3999939,6.577000141,46.22999954,76.30999756,337.6199951,104.5999985,23.61300087,5.647500038,244.6000061,5.880000114,123.3000031
7/17/2026,42.08000183,164.0599976,703.460022,163.5,33.14500046,62.54999924,7.69299984,68.08000183,8.423999786,258.1499939,103.9449997,372.3500061,6.400000095,45.32300186,75.38999939,337.230011,104.2399979,23.64900017,5.515999794,242.6499939,5.640999794,122.4499969
7/20/2026,42.57500076,163.3600006,706.2399902,164.1799927,33.24000168,62.47999954,7.679999828,68.80000305,8.392999649,258.5499878,103.6149979,374.1000061,6.600999832,45.82600021,75.69999695,338.3500061,103.9400024,23.58200073,5.670000076,242.6999969,5.813000202,123.0400009
7/21/2026,43.18999863,164.5,707.960022,165.1399994,34.125,63.08000183,7.699999809,70.19000244,8.381999969,260.6000061,104.2450027,380.75,6.559999943,46.75899887,76.02999878,344.019989,103.7399979,23.55200005,5.820499897,244.8500061,5.81799984,124
7/22/2026,43.38999939,165.4400024,709.4199829,165.3999939,34.18000031,63.63999939,7.596000195,69.69999695,8.399000168,263,104.8349991,384.8500061,6.511000156,46.64500046,75.98999786,350.4299927,104,23.5189991,5.773499966,246.1999969,5.698999882,125.2399979
7/23/2026,42.79499817,163.4400024,700.4199829,163.3600006,33.625,62.56000137,7.5,68.90000153,8.430000305,255.6000061,103.5849991,373.8500061,6.485000134,46.16600037,75.26000214,342.3200073,103.8000031,23.43600082,5.697999954,241.9499969,5.638999939,125.1800003
7/24/2026,42.91999817,164.9400024,704.5999756,164.2799988,34,63.72999954,7.603000164,69.52999878,8.461000443,258.0499878,104.4850006,381.75,6.504000187,45.92599869,75.80999756,344.25,104.7600021,23.5189991,5.625,244.8000031,5.684000015,126.4899979
7/27/2026,41.86999893,164.8399963,700.1799927,163.3600006,33.70999908,64.25,7.645999908,69.37999725,8.5,259.5499878,104.4950027,386.6000061,6.593999863,45.34000015,75.40000153,344.5100098,105.0800018,23.54800034,5.656000137,244.8500061,5.802000046,124.8199997
7/28/2026,41.67499924,165.3399963,703.0599976,163.7799988,33.96500015,64.27999878,7.777999878,68.51999664,8.588000298,257.8500061,104.9349976,385.5499878,6.612999916,44.95199966,75.65000153,340.6300049,106.5199966,23.61300087,5.584499836,245.25,5.842999935,124.8399963
7/29/2026,41.06000137,164.9600067,697.7000122,162.3999939,33.92499924,63.11999893,7.761000156,68.15000153,8.567000389,256.2000122,104.5299988,379.0499878,6.686999798,44.04600143,74.79000092,339.0299988,106.0800018,23.53800011,5.614999771,243.5,5.919000149,124.4199982
7/30/2026,41.88000107,166.1000061,690.5200195,162.0200043,34.63999939,64.33000183,7.731999874,69.34999847,8.432999611,259.5,105.3949966,388.3500061,6.644000053,44.73699951,74.02999878,342.3699951,103.2600021,23.52799988,5.604000092,247.0500031,5.797999859,125.1399994
7/31/2026,41.55500031,165.8999939,696.2399902,162.9600067,34.75,64.44999695,7.778999805,69.04000092,8.368000031,259.8500061,105.2300034,390.7000122,6.670000076,45.35599899,74.08999634,337.75,103.7799988,23.46199989,5.434999943,247.6999969,5.847000122,122.7399979
8/3/2026,42.52500153,166.7799988,709.5200195,165.1000061,34.97000122,65.18000031,7.84100008,69.59999847,8.42800045,263.6000061,105.7149963,397.2000122,6.728000164,45.47499847,75.51000214,337.2799988,104.6800003,23.51000023,5.525499821,250.6000061,5.90899992,121.1699982
8/4/2026,44.20500183,168.0399933,719.960022,167.5399933,35.77500153,65.34999847,7.857999802,70.45999908,8.484999657,266.8500061,106.5350037,400.7000122,6.709000111,46.76499939,76.55999756,340.6400146,105.7600021,23.61700058,5.528999805,252.8999939,5.920000076,121.5199966
8/5/2026,44.49000168,167.8999939,722.4199829,168.0399933,35.78499985,65.5,7.834000111,71.30000305,8.548999786,266.0499878,106.5449982,401.8999939,6.712999821,46.79899979,76.59999847,354.480011,105.7799988,23.62999916,5.577000141,252.3999939,5.907000065,121.5
8/6/2026,44.49000168,168.2799988,721,167.8399963,36.09999847,65.94999695,7.839000225,71.5,8.574000359,267.5,106.7300034,403.7999878,6.630000114,46.59799957,76.62000275,354.769989,105.7200012,23.58200073,5.604000092,253.6999969,5.847000122,122.1299973
8/7/2026,44.79499817,168.9799957,723.039978,168.3800049,36.01499939,65.87000275,7.834000111,71.90000153,8.697999954,267.7999878,107.0899963,403.1000061,6.695000172,46.55400085,76.63999939,362.1700134,105.9400024,23.59900093,5.617000103,254.5,5.910999775,122.5699997
8/10/2026,44.61000061,168.9799957,723.8200073,168.4799957,36.22000122,65.84999847,7.802999973,71.75,8.845999718,267.2999878,107.1100006,403.8500061,6.725999832,46.4280014,76.36000061,362.1499939,106.1800003,23.53000069,5.558499813,254.9499969,5.949999809,123.1600037
8/11/2026,44.41500092,168.9199982,722.9400024,168.4799957,36.39500046,66.02999878,7.795000076,71.98999786,8.871999741,267.7999878,107.1449966,403.7000122,6.613999844,46.64899826,76.61000061,364.9700012,106.3799973,23.54700089,5.506999969,255.6999969,5.809999943,124.1600037
8/12/2026,44.76499939,168.6600037,722.7800293,168.8000031,36.56999969,66.05999756,7.727000237,73.01000214,8.883000374,267.3999939,107,405.2000122,6.53000021,47.18999863,76.91999817,368.3399963,106.4000015,23.55800056,5.491499901,254.9499969,5.737999916,123.9700012
8/13/2026,45.26499939,168.8000031,727.1799927,169.6199951,36.00999832,65.95999908,7.749000072,73.5,8.881999969,267.75,107.0449982,405.8999939,6.477000237,47.4980011,77.33000183,363.6600037,107.0599976,23.61499977,5.506999969,255.4499969,5.748000145,123.8199997
8/14/2026,45.26499939,168.8000031,727.1799927,169.6199951,36.00999832,65.95999908,7.749000072,73.5,8.881999969,267.75,107.0449982,405.8999939,6.477000237,47.4980011,77.33000183,363.6600037,107.0599976,23.61499977,5.506999969,255.4499969,5.748000145,123.8199997
8/17/2026,45.04499817,168.1199951,723,169.0599976,35.93999863,65.30999756,7.68599987,73.13999939,8.852000237,267,106.6650009,404.3999939,6.5,47.98799896,77.05000305,367.2900085,106.3000031,23.50200081,5.512499809,254.6999969,5.744999886,124.7200012
8/18/2026,43.86000061,166.8200073,716.4000244,166.8999939,35.59500122,65.01999664,7.612999916,71.01999664,8.859999657,264.3500061,105.9349976,400.4500122,6.492000103,46.38499832,76.37999725,362.2099915,106.1200027,23.46899986,5.585499763,252.3500061,5.65199995,123.5899963
8/19/2026,43.43000031,166.8000031,714,166.5,36.18500137,64.75,7.580999851,70.23000336,9.208000183,262.3500061,105.8000031,393.75,6.506000042,46.5340004,76.34999847,369.8999939,106.2399979,23.54400063,5.836999893,251.3999939,5.675000191,123.5100021
8/20/2026,43.16500092,166.5399933,708.6400146,165.6600037,35.76499939,64.48999786,7.585999966,69.97000122,9.270000458,262.3999939,105.6350021,393.7000122,6.478000164,46.62099838,75.02999878,372.6600037,105.6600037,23.50499916,6.177999973,250.5,5.576000214,123.5299988
8/21/2026,43.16500092,166.5399933,708.6400146,165.6600037,35.76499939,64.48999786,7.585999966,69.97000122,9.270000458,262.3999939,105.6350021,393.7000122,6.478000164,46.62099838,75.02999878,372.6600037,105.6600037,23.50499916,6.177999973,250.5,5.576000214,123.5299988
8/24/2026,43.15999985,167.6399994,709.1599731,166.3000031,36,65.16000366,7.59499979,70.33999634,9.296999931,262.5499878,106.3050003,397.2999878,6.528999805,47.15399933,75.31999969,379.3999939,105.7799988,23.48900032,6.629000187,252.0500031,5.664000034,123.2300034
8/25/2026,42.77999878,168.1999969,708.2399902,166.3000031,36.40499878,65.48000336,7.677000046,70.68000031,9.371999741,262.8999939,106.6800003,398.9500122,6.460000038,47.14500046,75.27999878,383.0799866,105.7600021,23.60899925,6.78399992,251.8000031,5.534999847,121.4199982
8/26/2026,42.98500061,168.0800018,709.6799927,166.5399933,36.58499908,65.59999847,7.642000198,70.65000153,9.303999901,263.7000122,106.6299973,402.5499878,6.499000072,47.40499878,75.26999664,379.5400085,106.0599976,23.57299995,6.677000046,252.25,5.53000021,121.3399963
8/27/2026,42.98500061,168.0800018,709.6799927,166.5399933,36.58499908,65.59999847,7.642000198,70.65000153,9.303999901,263.7000122,106.6299973,402.5499878,6.499000072,47.40499878,75.26999664,379.5400085,106.0599976,23.57299995,6.677000046,252.25,5.53000021,121.3399963
8/28/2026,42.98500061,168.0800018,709.6799927,166.5399933,36.58499908,65.59999847,7.642000198,70.65000153,9.303999901,263.7000122,106.6299973,402.5499878,6.499000072,47.40499878,75.26999664,379.5400085,106.0599976,23.57299995,6.677000046,252.25,5.53000021,121.3399963
